drug1,drug2,context,label
Lapatinib,POLYBUTENE_(1400_MW),Nanoparticle,
Lapatinib,Sorbic_acid,Nanoparticle,
Lapatinib,Calcium_sorbate,Nanoparticle,
Lapatinib,Potassium_sorbate,Nanoparticle,
Lapatinib,Sodium_sorbate,Nanoparticle,
Lapatinib,ANETHOLE,Nanoparticle,
Lapatinib,PROPENYL_GUAETHOL,Nanoparticle,
Lapatinib,PIPERAZINE,Nanoparticle,
Lapatinib,PIPERAZINE_HEXAHYDRATE,Nanoparticle,
Lapatinib,TYLOXAPOL,Nanoparticle,
Lapatinib,POLOXAMER_407,Nanoparticle,
Lapatinib,HIGH_DENSITY_POLYETHYLENE,Nanoparticle,
Lapatinib,POLYISOBUTYLENE_MEDIUM_MOLECULAR_WEIGHT,Nanoparticle,
Lapatinib,METHACRYLIC_ACID_-_METHYL_METHACRYLATE_COPOLYMER_(1:2),Nanoparticle,
Lapatinib,POLY(METHYL_ACRYLATE-CO-METHYL_METHACRYLATE-CO-METHACRYLIC_ACID_7:3:1;_280000_MW),Nanoparticle,
Lapatinib,METHACRYLIC_ACID_-_ETHYL_ACRYLATE_COPOLYMER_(1:1)_TYPE_A,Nanoparticle,
Lapatinib,DIMETHYLAMINOETHYL_METHACRYLATE_-_BUTYL_METHACRYLATE_-_METHYL_METHACRYLATE_COPOLYMER,Nanoparticle,
Lapatinib,AMMONIO_METHACRYLATE_COPOLYMER_TYPE_B,Nanoparticle,
Lapatinib,METHYL_ACRYLATE_-_METHYL_METHACRYLATE,Nanoparticle,
Lapatinib,ETHYL_ACRYLATE_AND_METHYL_METHACRYLATE_COPOLYMER_(2:1;_750000_MW),Nanoparticle,
Lapatinib,POLYHYDROXYETHYL_METHACRYLATE,Nanoparticle,
Lapatinib,POLACRILIN_POTASSIUM,Nanoparticle,
Lapatinib,"LIMONENE,_(+/-)-",Nanoparticle,
Lapatinib,"CARVONE,_(-)-",Nanoparticle,
Lapatinib,ETHYLENE-PROPYLENE_COPOLYMER,Nanoparticle,
Lapatinib,ETHYLENE-VINYL_ACETATE_COPOLYMERS,Nanoparticle,
Lapatinib,Vitamin_D2_(ergocalciferol),Nanoparticle,
Lapatinib,Vitamin_D3_(cholecalciferol),Nanoparticle,
Lapatinib,POLYPROPYLENE,Nanoparticle,
Lapatinib,ACRYLIC_ACID-ISOOCTYL_ACRYLATE_COPOLYMER,Nanoparticle,
Lapatinib,"Methyl_acrylate,_monomeric_(packaging)",Nanoparticle,
Lapatinib,"Ethyl_acrylate,_polymeric_(packaging)",Nanoparticle,
Lapatinib,ISOOCTYL_ACRYLATE,Nanoparticle,
Lapatinib,SODIUM_POLYACRYLATE_(2500000_MW),Nanoparticle,
Lapatinib,POLYQUATERNIUM-7_(70/30_ACRYLAMIDE/DADMAC;_1600000_MW),Nanoparticle,
Lapatinib,UNDECYLENIC_ACID,Nanoparticle,
Lapatinib,POVIDONE/EICOSENE_COPOLYMER,Nanoparticle,
Lapatinib,EUGENOL,Nanoparticle,
Lapatinib,POLYVINYL_CHLORIDE,Nanoparticle,
Lapatinib,"POVIDONE,_UNSPECIFIED",Nanoparticle,
Lapatinib,COPOVIDONE,Nanoparticle,
Lapatinib,"POLYVINYL_ALCOHOL,_UNSPECIFIED",Nanoparticle,
Lapatinib,POLYVINYL_ACETATE_PHTHALATE,Nanoparticle,
Lapatinib,BUTYL_ESTER_OF_METHYL_VINYL_ETHER/MALEIC_ANHYDRIDE_COPOLYMER_(125000_MW),Nanoparticle,
Lapatinib,PVM/MA_COPOLYMER,Nanoparticle,
Lapatinib,SODIUM_POLYSTYRENE_SULFONATE,Nanoparticle,
Lapatinib,FRAGRANCE_UNGERER_N5195,Nanoparticle,
Lapatinib,METHYLBORONIC_ACID,Nanoparticle,
Lapatinib,ACETONITRILE,Nanoparticle,
Lapatinib,.BETA.-IONONE,Nanoparticle,
Lapatinib,Diacetyl,Nanoparticle,
Lapatinib,DEHYDROACETIC_ACID,Nanoparticle,
Lapatinib,Isopropyl_citrate,Nanoparticle,
Lapatinib,LEVULINIC_ACID,Nanoparticle,
Lapatinib,"N,N-DIMETHYLACETAMIDE",Nanoparticle,
Lapatinib,SULFACETAMIDE_SODIUM,Nanoparticle,
Lapatinib,ACETYLCYSTEINE,Nanoparticle,
Lapatinib,"ACETYLTRYPTOPHAN,_DL-",Nanoparticle,
Lapatinib,HYALURONATE_SODIUM,Nanoparticle,
Lapatinib,DIATRIZOIC_ACID,Nanoparticle,
Lapatinib,ACETAMINOPHEN,Nanoparticle,
Lapatinib,Acetic_acid,Nanoparticle,
Lapatinib,Sodium_diacetate,Nanoparticle,
Lapatinib,HYPROMELLOSE_ACETATE_SUCCINATE_06081224_(3_MM2/S),Nanoparticle,
Lapatinib,LYSINE_ACETATE,Nanoparticle,
Lapatinib,CROSCARMELLOSE,Nanoparticle,
Lapatinib,Sodium_Carboxymethyl_cellulose,Nanoparticle,
Lapatinib,ACETIC_ANHYDRIDE,Nanoparticle,
Lapatinib,Vitamin_A_acetate,Nanoparticle,
Lapatinib,PROPYLENE_GLYCOL_DIACETATE,Nanoparticle,
Lapatinib,TRIACETIN,Nanoparticle,
Lapatinib,BENZYL_ACETATE,Nanoparticle,
Lapatinib,PHENYLMERCURIC_ACETATE,Nanoparticle,
Lapatinib,alpha-Tocopherol_acetate,Nanoparticle,
Lapatinib,".ALPHA.-TOCOPHEROL_ACETATE,_DL-",Nanoparticle,
Lapatinib,ALUMINUM_ACETATE,Nanoparticle,
Lapatinib,ZINC_ACETATE,Nanoparticle,
Lapatinib,Calcium_acetate,Nanoparticle,
Lapatinib,MAGNESIUM_ACETATE,Nanoparticle,
Lapatinib,Zinc_acetate,Nanoparticle,
Lapatinib,SODIUM_ACETATE,Nanoparticle,
Lapatinib,ALUMINUM_MONOACETATE,Nanoparticle,
Lapatinib,POTASSIUM_ACETATE,Nanoparticle,
Lapatinib,AMMONIUM_ACETATE,Nanoparticle,
Lapatinib,Sodium_acetate,Nanoparticle,
Lapatinib,ACETOPHENONE,Nanoparticle,
Lapatinib,OCTOXYNOL-9,Nanoparticle,
Lapatinib,ENTSUFON,Nanoparticle,
Lapatinib,ENTSUFON_SODIUM,Nanoparticle,
Lapatinib,BENZETHONIUM_CHLORIDE,Nanoparticle,
Lapatinib,TERT-BUTYL_ALCOHOL,Nanoparticle,
Lapatinib,TERT-BUTYL_HYDROPEROXIDE,Nanoparticle,
Lapatinib,TERT-BUTYLHYDROQUINONE,Nanoparticle,
Lapatinib,Calcium_pantothenate,Nanoparticle,
Lapatinib,D-Pantothenyl_alcohol,Nanoparticle,
Lapatinib,AMINOMETHYLPROPANOL,Nanoparticle,
Lapatinib,CHLOROBUTANOL,Nanoparticle,
Lapatinib,CHLOROBUTANOL_HEMIHYDRATE,Nanoparticle,
Lapatinib,D-_or_DL-_Sodium_pantothenate,Nanoparticle,
Lapatinib,ACETONE_SODIUM_BISULFITE,Nanoparticle,
Lapatinib,ACETONE,Nanoparticle,
Lapatinib,SODIUM_BISULFATE_ACETONE,Nanoparticle,
Lapatinib,ISOBUTANE,Nanoparticle,
Lapatinib,VALINE,Nanoparticle,
Lapatinib,LEUCINE,Nanoparticle,
Lapatinib,CHOLETH-24,Nanoparticle,
Lapatinib,SQUALANE,Nanoparticle,
Lapatinib,ISOPROPYL_ISOSTEARATE,Nanoparticle,
Lapatinib,GLYCERYL_ISOSTEARATE,Nanoparticle,
Lapatinib,PEG-6_ISOSTEARATE,Nanoparticle,
Lapatinib,ISOSTEARYL_ALCOHOL,Nanoparticle,
Lapatinib,CHOLESTEROL,Nanoparticle,
Lapatinib,SODIUM_CHOLESTERYL_SULFATE,Nanoparticle,
Lapatinib,ISOBUTYL_ALCOHOL,Nanoparticle,
Lapatinib,DIISOPROPYLBENZOTHIAZYL-2-SULFENAMIDE,Nanoparticle,
Lapatinib,ISOPROPYL_ALCOHOL,Nanoparticle,
Lapatinib,DIISOPROPYL_ADIPATE,Nanoparticle,
Lapatinib,LEVOMENTHOL,Nanoparticle,
Lapatinib,TRICHLOROETHANE,Nanoparticle,
Lapatinib,ALANINE,Nanoparticle,
Lapatinib,Lactic_acid,Nanoparticle,
Lapatinib,Calcium_Lactate,Nanoparticle,
Lapatinib,Ferrous_lactate,Nanoparticle,
Lapatinib,L(+)-calcium_lactate,Nanoparticle,
Lapatinib,"SODIUM_LACTATE,_L-",Nanoparticle,
Lapatinib,THREONINE,Nanoparticle,
Lapatinib,HEXYLENE_GLYCOL,Nanoparticle,
Lapatinib,BUTYLENE_GLYCOL,Nanoparticle,
Lapatinib,CALTERIDOL_CALCIUM,Nanoparticle,
Lapatinib,DIISOPROPANOLAMINE,Nanoparticle,
Lapatinib,Propylene_Glycol,Nanoparticle,
Lapatinib,Propylene_glycol_monostearate,Nanoparticle,
Lapatinib,DMDM_HYDANTOIN,Nanoparticle,
Lapatinib,Glycyrrhizin,Nanoparticle,
Lapatinib,Ammoniated_Glycyrrhizin,Nanoparticle,
Lapatinib,EUCALYPTOL,Nanoparticle,
Lapatinib,Carotene_(beta-carotene),Nanoparticle,
Lapatinib,Vitamin_A,Nanoparticle,
Lapatinib,Cyanocobalamin,Nanoparticle,
Lapatinib,ACESULFAME_POTASSIUM,Nanoparticle,
Lapatinib,.ALPHA.-TERPINEOL,Nanoparticle,
Lapatinib,"MENTHOL,_UNSPECIFIED_FORM",Nanoparticle,
Lapatinib,PROPYLENE_CARBONATE,Nanoparticle,
Lapatinib,POLYLACTIDE,Nanoparticle,
Lapatinib,POLYGLACTIN,Nanoparticle,
Lapatinib,PROPANE,Nanoparticle,
Lapatinib,Propionic_acid,Nanoparticle,
Lapatinib,Calcium_propionate,Nanoparticle,
Lapatinib,SODIUM_PROPIONATE,Nanoparticle,
Lapatinib,Sodium_propionate,Nanoparticle,
Lapatinib,METHYL_ETHYL_KETONE,Nanoparticle,
Lapatinib,DINOSEB-AMMONIUM,Nanoparticle,
Lapatinib,"2-ETHYL-1,6-HEXANEDIOL",Nanoparticle,
Lapatinib,DIPROPYLENE_GLYCOL,Nanoparticle,
Lapatinib,BUTANE,Nanoparticle,
Lapatinib,BUTYRIC_ACID,Nanoparticle,
Lapatinib,STANNOUS_2-ETHYLHEXANOATE,Nanoparticle,
Lapatinib,DOCUSATE_SODIUM,Nanoparticle,
Lapatinib,DIETHYLHEXYL_PHTHALATE_**See_CDER_Guidance:_Limiting_the_Use_of_Certain_Phthalates_as_Excipients_in_CDER-Regulated_Products,Nanoparticle,
Lapatinib,OCTISALATE,Nanoparticle,
Lapatinib,Linoleic_acid,Nanoparticle,
Lapatinib,DIISOPROPYL_DILINOLEATE,Nanoparticle,
Lapatinib,Iron_linoleate_(packaging),Nanoparticle,
Lapatinib,HEXANE,Nanoparticle,
Lapatinib,HEPTANE,Nanoparticle,
Lapatinib,PROPYLENE_GLYCOL_RICINOLEATE,Nanoparticle,
Lapatinib,TRIHYDROXYSTEARIN,Nanoparticle,
Lapatinib,Caprylic_Acid,Nanoparticle,
Lapatinib,PROPYLENE_GLYCOL_DICAPRYLATE,Nanoparticle,
Lapatinib,TRICAPRYLIN,Nanoparticle,
Lapatinib,GLYCERYL_MONOCAPRYLATE,Nanoparticle,
Lapatinib,Iron_caprylate_(packaging),Nanoparticle,
Lapatinib,DISODIUM_OLEAMIDO_MONOETHANOLAMINE_SULFOSUCCINATE,Nanoparticle,
Lapatinib,Oleic_acid_(packaging),Nanoparticle,
Lapatinib,ETHYL_OLEATE,Nanoparticle,
Lapatinib,PPG-26_OLEATE,Nanoparticle,
Lapatinib,POLYSORBATE_80,Nanoparticle,
Lapatinib,SORBITAN_SESQUIOLEATE,Nanoparticle,
Lapatinib,GLYCERYL_OLEATE,Nanoparticle,
Lapatinib,GLYCERYL_TRIOLEATE,Nanoparticle,
Lapatinib,SORBITAN_MONOOLEATE,Nanoparticle,
Lapatinib,SORBITAN_TRIOLEATE,Nanoparticle,
Lapatinib,PEG-5_OLEATE,Nanoparticle,
Lapatinib,"1,2-DIOLEOYL-SN-GLYCERO-3-PHOSPHOCHOLINE",Nanoparticle,
Lapatinib,Aluminum_oleate_(packaging),Nanoparticle,
Lapatinib,Sodium_oleate_(packaging),Nanoparticle,
Lapatinib,OLEYL_ALCOHOL,Nanoparticle,
Lapatinib,OLEYL_OLEATE,Nanoparticle,
Lapatinib,POLYOXYETHYLENE_ALCOHOLS,Nanoparticle,
Lapatinib,OCTYLDODECANOL,Nanoparticle,
Lapatinib,LAUROYL_SARCOSINE,Nanoparticle,
Lapatinib,SODIUM_LAUROYL_SARCOSINATE,Nanoparticle,
Lapatinib,LAURIC_DIETHANOLAMIDE,Nanoparticle,
Lapatinib,GLYCERYL_LAURATE,Nanoparticle,
Lapatinib,SUCROSE_LAURATE,Nanoparticle,
Lapatinib,METHYL_LAURATE,Nanoparticle,
Lapatinib,PROPYLENE_GLYCOL_MONOLAURATE,Nanoparticle,
Lapatinib,PEG-12_GLYCERYL_LAURATE,Nanoparticle,
Lapatinib,SORBITAN_MONOLAURATE,Nanoparticle,
Lapatinib,PEG-8_LAURATE,Nanoparticle,
Lapatinib,POLYSORBATE_60,Nanoparticle,
Lapatinib,LAURALKONIUM_CHLORIDE,Nanoparticle,
Lapatinib,LAURYL_SULFATE,Nanoparticle,
Lapatinib,MYRISTIC_ACID,Nanoparticle,
Lapatinib,ISOPROPYL_MYRISTATE,Nanoparticle,
Lapatinib,TRIMYRISTIN,Nanoparticle,
Lapatinib,"1,2-DIMYRISTOYL-SN-GLYCERO-3-PHOSPHOCHOLINE",Nanoparticle,
Lapatinib,PALMITIC_ACID,Nanoparticle,
Lapatinib,GLYCERYL_PALMITOSTEARATE,Nanoparticle,
Lapatinib,SUCROSE_PALMITATE,Nanoparticle,
Lapatinib,ISOPROPYL_PALMITATE,Nanoparticle,
Lapatinib,Vitamin_A_palmitate,Nanoparticle,
Lapatinib,"DIPALMITOYLPHOSPHATIDYLGLYCEROL,_DL-",Nanoparticle,
Lapatinib,Ascorbyl_palmitate_(palmitoyl_L-ascorbic),Nanoparticle,
Lapatinib,SORBITAN_MONOPALMITATE,Nanoparticle,
Lapatinib,POLYOXYL_PALMITATE,Nanoparticle,
Lapatinib,GLYCERYL_PALMITATE,Nanoparticle,
Lapatinib,Aluminum_palmitate_(packaging),Nanoparticle,
Lapatinib,Sodium_palmitate_(packaging),Nanoparticle,
Lapatinib,ETHYLHEXYL_HYDROXYSTEARATE,Nanoparticle,
Lapatinib,STEARIC_DIETHANOLAMIDE,Nanoparticle,
Lapatinib,DIETHYLAMINOETHYL_STEARAMIDE_PHOSPHATE,Nanoparticle,
Lapatinib,STEARAMIDOETHYL_DIETHYLAMINE,Nanoparticle,
Lapatinib,Stearic_acid_(packaging),Nanoparticle,
Lapatinib,SUCROSE_STEARATE,Nanoparticle,
Lapatinib,STEAROYL_POLYOXYLGLYCERIDES,Nanoparticle,
Lapatinib,METHYL_STEARATE,Nanoparticle,
Lapatinib,ISOPROPYL_STEARATE,Nanoparticle,
Lapatinib,GLYCERYL_TRISTEARATE,Nanoparticle,
Lapatinib,"DISTEAROYLPHOSPHATIDYLCHOLINE,_DL-",Nanoparticle,
Lapatinib,GLYCERYL_MONOSTEARATE,Nanoparticle,
Lapatinib,GLYCERYL_DISTEARATE,Nanoparticle,
Lapatinib,SORBITAN_MONOSTEARATE,Nanoparticle,
Lapatinib,SORBITAN_TRISTEARATE,Nanoparticle,
Lapatinib,BUTYL_STEARATE,Nanoparticle,
Lapatinib,POLYOXYL_40_STEARATE,Nanoparticle,
Lapatinib,GLYCOL_DISTEARATE,Nanoparticle,
Lapatinib,PEG-2_STEARATE,Nanoparticle,
Lapatinib,"1,2-DISTEAROYL-SN-GLYCERO-3-PHOSPHOCHOLINE",Nanoparticle,
Lapatinib,SUCROSE_DISTEARATE,Nanoparticle,
Lapatinib,METHYL_GLUCOSE_SESQUISTEARATE,Nanoparticle,
Lapatinib,ALUMINUM_STEARATE,Nanoparticle,
Lapatinib,Calcium_stearate,Nanoparticle,
Lapatinib,Magnesium_stearate,Nanoparticle,
Lapatinib,ZINC_STEARATE,Nanoparticle,
Lapatinib,ALUMINUM_MONOSTEARATE,Nanoparticle,
Lapatinib,SODIUM_STEARATE,Nanoparticle,
Lapatinib,TRIBEHENIN,Nanoparticle,
Lapatinib,GLYCERYL_DIBEHENATE,Nanoparticle,
Lapatinib,HYDROXYOCTACOSANYL_HYDROXYSTEARATE,Nanoparticle,
Lapatinib,DOCOSANOL,Nanoparticle,
Lapatinib,STEARYL_ALCOHOL,Nanoparticle,
Lapatinib,CETOSTEARYL_ALCOHOL,Nanoparticle,
Lapatinib,SODIUM_STEARYL_FUMARATE,Nanoparticle,
Lapatinib,Stearyl_citrate,Nanoparticle,
Lapatinib,PPG-15_STEARYL_ETHER,Nanoparticle,
Lapatinib,STEARETH-40,Nanoparticle,
Lapatinib,SODIUM_CETOSTEARYL_SULFATE,Nanoparticle,
Lapatinib,STEAROXYTRIMETHYLSILANE,Nanoparticle,
Lapatinib,STEARALKONIUM_CHLORIDE,Nanoparticle,
Lapatinib,QUATERNIUM-52,Nanoparticle,
Lapatinib,CETYL_ALCOHOL,Nanoparticle,
Lapatinib,CETYL_PALMITATE,Nanoparticle,
Lapatinib,ISOCETETH-20,Nanoparticle,
Lapatinib,CETRIMONIUM_CHLORIDE,Nanoparticle,
Lapatinib,PALMITAMINE_OXIDE,Nanoparticle,
Lapatinib,CETYLPYRIDINIUM_CHLORIDE,Nanoparticle,
Lapatinib,MYRISTYL_ALCOHOL,Nanoparticle,
Lapatinib,MYRISTYL_LACTATE,Nanoparticle,
Lapatinib,ALKYL_ARYL_SODIUM_SULFONATE,Nanoparticle,
Lapatinib,BENZALKONIUM_CHLORIDE,Nanoparticle,
Lapatinib,MIRIPIRIUM_CHLORIDE,Nanoparticle,
Lapatinib,TRIDECETH-10,Nanoparticle,
Lapatinib,LAURYL_LACTATE,Nanoparticle,
Lapatinib,DISODIUM_LAURYL_SULFOSUCCINATE,Nanoparticle,
Lapatinib,Dilauryl_thiodipropionate,Nanoparticle,
Lapatinib,SODIUM_LAURYL_SULFOACETATE,Nanoparticle,
Lapatinib,LAURETH-4,Nanoparticle,
Lapatinib,LAURETH-2,Nanoparticle,
Lapatinib,DISODIUM_LAURETH_SULFOSUCCINATE,Nanoparticle,
Lapatinib,SODIUM_LAURETH-3_SULFATE,Nanoparticle,
Lapatinib,SODIUM_LAURETH-2_SULFATE,Nanoparticle,
Lapatinib,SODIUM_LAURETH-5_SULFATE,Nanoparticle,
Lapatinib,TRIETHANOLAMINE_LAURYL_SULFATE,Nanoparticle,
Lapatinib,AMMONIUM_LAURYL_SULFATE,Nanoparticle,
Lapatinib,SODIUM_LAURYL_SULFATE,Nanoparticle,
Lapatinib,SODIUM_DODECYLBENZENESULFONATE,Nanoparticle,
Lapatinib,BENZODODECINIUM_BROMIDE,Nanoparticle,
Lapatinib,LAURAMINE_OXIDE,Nanoparticle,
Lapatinib,DECYL_METHYL_SULFOXIDE,Nanoparticle,
Lapatinib,NONOXYNOL-9,Nanoparticle,
Lapatinib,NONOXYNOL_IODINE,Nanoparticle,
Lapatinib,AMMONIUM_NONOXYNOL-4_SULFATE,Nanoparticle,
Lapatinib,GLYCERYL_RICINOLEATE,Nanoparticle,
Lapatinib,HEXYLRESORCINOL,Nanoparticle,
Lapatinib,AMYL_ACETATE,Nanoparticle,
Lapatinib,BUTYL_ALCOHOL,Nanoparticle,
Lapatinib,ACETYLTRIBUTYL_CITRATE,Nanoparticle,
Lapatinib,DIBUTYL_SEBACATE,Nanoparticle,
Lapatinib,BUTYLPARABEN,Nanoparticle,
Lapatinib,DIBUTYL_PHTHALATE_**See_CDER_Guidance:_Limiting_the_Use_of_Certain_Phthalates_as_Excipients_in_CDER-Regulated_Products,Nanoparticle,
Lapatinib,PRAMOXINE_HYDROCHLORIDE,Nanoparticle,
Lapatinib,Propyl_Gallate,Nanoparticle,
Lapatinib,Propyl_Paraben,Nanoparticle,
Lapatinib,PROPYLPARABEN_SODIUM,Nanoparticle,
Lapatinib,TETRAPROPYL_ORTHOSILICATE,Nanoparticle,
Lapatinib,RHODAMINE_B,Nanoparticle,
Lapatinib,SOLVENT_RED_49,Nanoparticle,
Lapatinib,FD&C_VIOLET_NO._1--ALUMINUM_LAKE_(DELISTED),Nanoparticle,
Lapatinib,FD&C_BLUE_NO._1_LAKE,Nanoparticle,
Lapatinib,ACID_BLUE_9_AMMONIUM,Nanoparticle,
Lapatinib,GUINEA_GREEN_B,Nanoparticle,
Lapatinib,POLYURETHANE,Nanoparticle,
Lapatinib,"ALCOHOL,_DILUTED",Nanoparticle,
Lapatinib,PEG-20_METHYL_GLUCOSE_SESQUISTEARATE,Nanoparticle,
Lapatinib,Triethyl_citrate,Nanoparticle,
Lapatinib,DIETHYL_SEBACATE,Nanoparticle,
Lapatinib,DIETHYL_PYROCARBONATE,Nanoparticle,
Lapatinib,ETHYL_VANILLATE,Nanoparticle,
Lapatinib,ETHYLPARABEN,Nanoparticle,
Lapatinib,ETHYLPARABEN_SODIUM,Nanoparticle,
Lapatinib,DIETHYL_PHTHALATE,Nanoparticle,
Lapatinib,ETHYL_ACETATE,Nanoparticle,
Lapatinib,URETHANE,Nanoparticle,
Lapatinib,Ethyl_formate,Nanoparticle,
Lapatinib,ETHYLENE_GLYCOL_MONOETHYL_ETHER,Nanoparticle,
Lapatinib,DIETHYLENE_GLYCOL_MONOETHYL_ETHER,Nanoparticle,
Lapatinib,TETROFOSMIN,Nanoparticle,
Lapatinib,ETHYL_VANILLIN,Nanoparticle,
Lapatinib,ISOLEUCINE,Nanoparticle,
Lapatinib,THIMEROSAL,Nanoparticle,
Lapatinib,DENATONIUM_BENZOATE,Nanoparticle,
Lapatinib,ETHYL_MALTOL,Nanoparticle,
Lapatinib,METHYL_CHLORIDE,Nanoparticle,
Lapatinib,CHLOROTHEN,Nanoparticle,
Lapatinib,TROMANTADINE,Nanoparticle,
Lapatinib,EPITETRACYCLINE_HYDROCHLORIDE,Nanoparticle,
Lapatinib,METHYLENE_BLUE,Nanoparticle,
Lapatinib,CREATINE,Nanoparticle,
Lapatinib,TENOX-2,Nanoparticle,
Lapatinib,CREATININE,Nanoparticle,
Lapatinib,METHYLPYRROLIDONE,Nanoparticle,
Lapatinib,MORPHINE_SULFATE,Nanoparticle,
Lapatinib,SODIUM_COCOYL_SARCOSINATE,Nanoparticle,
Lapatinib,MEGLUMINE,Nanoparticle,
Lapatinib,METHYL_ALCOHOL,Nanoparticle,
Lapatinib,ASPARTAME,Nanoparticle,
Lapatinib,NEOTAME,Nanoparticle,
Lapatinib,Methyl_Paraben,Nanoparticle,
Lapatinib,METHYLPARABEN_SODIUM,Nanoparticle,
Lapatinib,DIMETHYL_PHTHALATE,Nanoparticle,
Lapatinib,METHYL_SALICYLATE,Nanoparticle,
Lapatinib,DIMETHYL_ISOSORBIDE,Nanoparticle,
Lapatinib,VERSETAMIDE,Nanoparticle,
Lapatinib,PEG-7_METHYL_ETHER,Nanoparticle,
Lapatinib,METHYL_GLUCETH-20,Nanoparticle,
Lapatinib,SIMETHICONE,Nanoparticle,
Lapatinib,VANILLIN,Nanoparticle,
Lapatinib,FD&C_RED_NO._40,Nanoparticle,
Lapatinib,NEOHESPERIDIN_DIHYDROCHALONE,Nanoparticle,
Lapatinib,Butylated_Hydroxyanisole_(BHA),Nanoparticle,
Lapatinib,METHANESULFONIC_ACID,Nanoparticle,
Lapatinib,DIMETHYL_SULFOXIDE,Nanoparticle,
Lapatinib,METHIONINE,Nanoparticle,
Lapatinib,Glycocholic_acid,Nanoparticle,
Lapatinib,Taurocholic_acid,Nanoparticle,
Lapatinib,Desoxycholic_acid,Nanoparticle,
Lapatinib,URSODIOL,Nanoparticle,
Lapatinib,Cholic_acid,Nanoparticle,
Lapatinib,SODIUM_DESOXYCHOLATE,Nanoparticle,
Lapatinib,L(+)-lactic_acid,Nanoparticle,
Lapatinib,Choline_Bitartrate,Nanoparticle,
Lapatinib,Choline_Chloride,Nanoparticle,
Lapatinib,POLIDRONIUM_CHLORIDE,Nanoparticle,
Lapatinib,DIMETHICONE_350,Nanoparticle,
Lapatinib,CYCLOMETHICONE_5,Nanoparticle,
Lapatinib,CARMINE,Nanoparticle,
Lapatinib,".ALPHA.-TOCOPHEROL,_DL-",Nanoparticle,
Lapatinib,TOCOPHERSOLAN,Nanoparticle,
Lapatinib,Tocopherols,Nanoparticle,
Lapatinib,ANTIPYRINE,Nanoparticle,
Lapatinib,Butylated_Hydroxytoluene_(BHT),Nanoparticle,
Lapatinib,PONCEAU_3R,Nanoparticle,
Lapatinib,FD&C_RED_NO._4,Nanoparticle,
Lapatinib,D&C_RED_NO._30,Nanoparticle,
Lapatinib,CHLOROXYLENOL,Nanoparticle,
Lapatinib,CHLOROCRESOL,Nanoparticle,
Lapatinib,Riboflavin,Nanoparticle,
Lapatinib,Riboflavin-5'-phosphate,Nanoparticle,
Lapatinib,THYMOL,Nanoparticle,
Lapatinib,D&C_RED_NO._6,Nanoparticle,
Lapatinib,PONCEAU_XYLIDINE,Nanoparticle,
Lapatinib,D&C_RED_NO._6_BARIUM_LAKE,Nanoparticle,
Lapatinib,D&C_RED_NO._7,Nanoparticle,
Lapatinib,D&C_BROWN_NO._1,Nanoparticle,
Lapatinib,D&C_GREEN_NO._6,Nanoparticle,
Lapatinib,D&C_GREEN_NO._5,Nanoparticle,
Lapatinib,CRESOL,Nanoparticle,
Lapatinib,POLYVINYLPYRIDINE,Nanoparticle,
Lapatinib,SODIUM_XYLENESULFONATE,Nanoparticle,
Lapatinib,AQUAPHOR,Nanoparticle,
Lapatinib,METACRESOL,Nanoparticle,
Lapatinib,OIL_ORANGE_SS,Nanoparticle,
Lapatinib,O-TOLYL_BIGUANIDE,Nanoparticle,
Lapatinib,YELLOW_OB,Nanoparticle,
Lapatinib,DYE_YELLOW_NO._62,Nanoparticle,
Lapatinib,Pyridoxine,Nanoparticle,
Lapatinib,Pyridoxine_hydrochloride,Nanoparticle,
Lapatinib,Thiamine_hydrochloride,Nanoparticle,
Lapatinib,Thiamine_mononitrate,Nanoparticle,
Lapatinib,MALTOL,Nanoparticle,
Lapatinib,QUATERNIUM-15,Nanoparticle,
Lapatinib,QUATERNIUM-15_CIS-FORM,Nanoparticle,
Lapatinib,CARBON_TETRACHLORIDE,Nanoparticle,
Lapatinib,TETRACHLOROETHYLENE,Nanoparticle,
Lapatinib,CHLOROFORM,Nanoparticle,
Lapatinib,TRICHLOROETHYLENE,Nanoparticle,
Lapatinib,METHYLENE_CHLORIDE,Nanoparticle,
Lapatinib,BENZYL_CHLORIDE,Nanoparticle,
Lapatinib,Caffeine,Nanoparticle,
Lapatinib,METHYLCHLOROISOTHIAZOLINONE,Nanoparticle,
Lapatinib,METHYLISOTHIAZOLINONE,Nanoparticle,
Lapatinib,APAFLURANE,Nanoparticle,
Lapatinib,TRICHLOROMONOFLUOROMETHANE,Nanoparticle,
Lapatinib,DICHLOROFLUOROMETHANE,Nanoparticle,
Lapatinib,DICHLOROTETRAFLUOROETHANE,Nanoparticle,
Lapatinib,DICHLORODIFLUOROMETHANE,Nanoparticle,
Lapatinib,PERFLUTREN,Nanoparticle,
Lapatinib,NORFLURANE,Nanoparticle,
Lapatinib,"N-(CARBONYL-METHOXYPOLYETHYLENE_GLYCOL_2000)-1,2-DISTEAROYL-SN-GLYCERO-3-PHOSPHOETHANOLAMINE",Nanoparticle,
Lapatinib,NITROGEN,Nanoparticle,
Lapatinib,Ammonium_sulfate,Nanoparticle,
Lapatinib,Ammonium_citrate,Nanoparticle,
Lapatinib,Ferric_ammonium_citrate,Nanoparticle,
Lapatinib,GUANIDINE_HYDROCHLORIDE,Nanoparticle,
Lapatinib,ALLANTOIN,Nanoparticle,
Lapatinib,Ammonium_carbonate,Nanoparticle,
Lapatinib,Niacinamide_(nicotinamide),Nanoparticle,
Lapatinib,ASPARTIC_ACID,Nanoparticle,
Lapatinib,GLUTATHIONE,Nanoparticle,
Lapatinib,L-Glutamic_acid,Nanoparticle,
Lapatinib,L-Glutamic_acid_hydrochloride,Nanoparticle,
Lapatinib,Monosodium_L-glutamate,Nanoparticle,
Lapatinib,Monoammonium_L-glutamate,Nanoparticle,
Lapatinib,TROMETHAMINE,Nanoparticle,
Lapatinib,SERINE,Nanoparticle,
Lapatinib,"CYSTEINE,_DL-",Nanoparticle,
Lapatinib,TRYPTOPHAN,Nanoparticle,
Lapatinib,TYROSINE,Nanoparticle,
Lapatinib,PHENYLALANINE,Nanoparticle,
Lapatinib,HISTIDINE,Nanoparticle,
Lapatinib,ARGININE,Nanoparticle,
Lapatinib,Urea,Nanoparticle,
Lapatinib,GLYCINE,Nanoparticle,
Lapatinib,GLYCINE_HYDROCHLORIDE,Nanoparticle,
Lapatinib,DIHYDROXYALUMINUM_AMINOACETATE,Nanoparticle,
Lapatinib,LYSINE,Nanoparticle,
Lapatinib,LYSINE_MONOHYDRATE,Nanoparticle,
Lapatinib,ETHYLENEDIAMINE,Nanoparticle,
Lapatinib,ETHYLENEDIAMINE_DIHYDROCHLORIDE,Nanoparticle,
Lapatinib,MONOETHANOLAMINE,Nanoparticle,
Lapatinib,GENTISIC_ACID_ETHANOLAMINE,Nanoparticle,
Lapatinib,ETHANOLAMINE_HYDROCHLORIDE,Nanoparticle,
Lapatinib,Sulfamic_acid_(packaging),Nanoparticle,
Lapatinib,MAGNESIUM_ASPARTATE,Nanoparticle,
Lapatinib,Monopotassium_L-glutamate,Nanoparticle,
Lapatinib,MONOSODIUM_GLUTAMATE,Nanoparticle,
Lapatinib,CYSTEINE_HYDROCHLORIDE,Nanoparticle,
Lapatinib,CYSTEINE_HYDROCHLORIDE_ANHYDROUS,Nanoparticle,
Lapatinib,NAPHTHOL_BLUE_BLACK,Nanoparticle,
Lapatinib,AMINOBENZOATE_SODIUM,Nanoparticle,
Lapatinib,1-(PHENYLAZO)-2-NAPHTHYLAMINE,Nanoparticle,
Lapatinib,AIR,Nanoparticle,
Lapatinib,ALUMINUM_SULFATE_TETRADECAHYDRATE,Nanoparticle,
Lapatinib,"SODIUM_PHOSPHATE,_DIBASIC_DODECAHYDRATE",Nanoparticle,
Lapatinib,Aluminum_potassium_sulfate,Nanoparticle,
Lapatinib,Aluminum_ammonium_sulfate,Nanoparticle,
Lapatinib,Aluminum_sodium_sulfate,Nanoparticle,
Lapatinib,SODIUM_BORATE,Nanoparticle,
Lapatinib,SODIUM_CARBONATE_DECAHYDRATE,Nanoparticle,
Lapatinib,Sodium_phosphate_tribasic,Nanoparticle,
Lapatinib,SODIUM_SULFATE,Nanoparticle,
Lapatinib,"SODIUM_PHOSPHATE,_DIBASIC,_HEPTAHYDRATE",Nanoparticle,
Lapatinib,Magnesium_sulfate,Nanoparticle,
Lapatinib,Zinc_sulfate,Nanoparticle,
Lapatinib,Sodium_sulfite,Nanoparticle,
Lapatinib,SODIUM_SUCCINATE_HEXAHYDRATE,Nanoparticle,
Lapatinib,MAGNESIUM_CHLORIDE,Nanoparticle,
Lapatinib,"MAGNESIUM_PHOSPHATE,_TRIBASIC,_PENTAHYDRATE",Nanoparticle,
Lapatinib,CUPRIC_SULFATE,Nanoparticle,
Lapatinib,Sodium_thiosulfate,Nanoparticle,
Lapatinib,CALCIUM_CITRATE,Nanoparticle,
Lapatinib,"Magnesium_phosphate,_dibasic",Nanoparticle,
Lapatinib,TRISODIUM_CITRATE_DIHYDRATE,Nanoparticle,
Lapatinib,EDETATE_DISODIUM,Nanoparticle,
Lapatinib,Ferrous_gluconate,Nanoparticle,
Lapatinib,SACCHARIN_SODIUM,Nanoparticle,
Lapatinib,Calcium_L-ascorbate,Nanoparticle,
Lapatinib,DIBASIC_CALCIUM_PHOSPHATE_DIHYDRATE,Nanoparticle,
Lapatinib,"SODIUM_PHOSPHATE,_DIBASIC_DIHYDRATE",Nanoparticle,
Lapatinib,SODIUM_PHOSPHATE_DIHYDRATE,Nanoparticle,
Lapatinib,CALCIUM_CYCLAMATE,Nanoparticle,
Lapatinib,CALCIUM_SULFATE_DIHYDRATE,Nanoparticle,
Lapatinib,Calcium_chloride,Nanoparticle,
Lapatinib,STANNOUS_CHLORIDE,Nanoparticle,
Lapatinib,CITRIC_ACID_MONOHYDRATE,Nanoparticle,
Lapatinib,POTASSIUM_CITRATE,Nanoparticle,
Lapatinib,SODIUM_CARBONATE_MONOHYDRATE,Nanoparticle,
Lapatinib,FD&C_RED_NO._3,Nanoparticle,
Lapatinib,SACCHARIN_CALCIUM,Nanoparticle,
Lapatinib,DEXTROSE_MONOHYDRATE,Nanoparticle,
Lapatinib,"SODIUM_PHOSPHATE,_MONOBASIC,_MONOHYDRATE",Nanoparticle,
Lapatinib,Sodium_phosphate_dibasic,Nanoparticle,
Lapatinib,Calcium_phosphate_monobasic,Nanoparticle,
Lapatinib,Sodium_hypophosphite,Nanoparticle,
Lapatinib,CALCIUM_SULFATE_HEMIHYDRATE,Nanoparticle,
Lapatinib,ZINC_SULFATE_MONOHYDRATE,Nanoparticle,
Lapatinib,Bentonite,Nanoparticle,
Lapatinib,LACTOSE_MONOHYDRATE,Nanoparticle,
Lapatinib,Ferric_oxide_(packaging),Nanoparticle,
Lapatinib,MAGNESIUM_TRISILICATE,Nanoparticle,
Lapatinib,FRUCTOSE,Nanoparticle,
Lapatinib,GENTISIC_ACID_ETHANOLAMIDE,Nanoparticle,
Lapatinib,IMIDUREA,Nanoparticle,
Lapatinib,DIAZOLIDINYL_UREA,Nanoparticle,
Lapatinib,MALEIC_ACID,Nanoparticle,
Lapatinib,TRIFLUOROACETIC_ACID,Nanoparticle,
Lapatinib,L(+)-tartaric_acid,Nanoparticle,
Lapatinib,SUCCIMER,Nanoparticle,
Lapatinib,PROLINE,Nanoparticle,
Lapatinib,Aconitic_Acid,Nanoparticle,
Lapatinib,Citric_acid,Nanoparticle,
Lapatinib,MAGNESIUM_CITRATE,Nanoparticle,
Lapatinib,Ferrous_citrate,Nanoparticle,
Lapatinib,MONOSODIUM_CITRATE,Nanoparticle,
Lapatinib,GLYCERYL_MONOCITRATE,Nanoparticle,
Lapatinib,Malic_acid,Nanoparticle,
Lapatinib,Succinic_acid,Nanoparticle,
Lapatinib,Adipic_acid,Nanoparticle,
Lapatinib,Biotin,Nanoparticle,
Lapatinib,Thiodipropionic_acid,Nanoparticle,
Lapatinib,EDETIC_ACID,Nanoparticle,
Lapatinib,PENTETIC_ACID,Nanoparticle,
Lapatinib,BROCRINAT,Nanoparticle,
Lapatinib,L-Malic_acid,Nanoparticle,
Lapatinib,LACTOBIONIC_ACID,Nanoparticle,
Lapatinib,GENTISIC_ACID,Nanoparticle,
Lapatinib,Benzoic_Acid,Nanoparticle,
Lapatinib,D&C_RED_NO._39,Nanoparticle,
Lapatinib,Niacin_(nicotinic_acid),Nanoparticle,
Lapatinib,POLYGLYCERYL-3_OLEATE,Nanoparticle,
Lapatinib,Tannic_acid_(hydrolyzable_gallotannins),Nanoparticle,
Lapatinib,BENZYL_BENZOATE,Nanoparticle,
Lapatinib,BENZOYL_PEROXIDE,Nanoparticle,
Lapatinib,Ferrous_fumarate,Nanoparticle,
Lapatinib,SODIUM_BITARTRATE,Nanoparticle,
Lapatinib,MAGNESIUM_TARTRATE,Nanoparticle,
Lapatinib,L(+)-sodium_tartrate,Nanoparticle,
Lapatinib,STANNOUS_TARTRATE,Nanoparticle,
Lapatinib,Magnesium_gluconate,Nanoparticle,
Lapatinib,SODIUM_GLUCONATE,Nanoparticle,
Lapatinib,CALCIUM_GLUCEPTATE,Nanoparticle,
Lapatinib,FD&C_YELLOW_NO._5,Nanoparticle,
Lapatinib,Manganous_citrate,Nanoparticle,
Lapatinib,DISODIUM_HYDROGEN_CITRATE,Nanoparticle,
Lapatinib,Calcium_citrate,Nanoparticle,
Lapatinib,Ferric_citrate,Nanoparticle,
Lapatinib,Potassium_citrate,Nanoparticle,
Lapatinib,Sodium_citrate,Nanoparticle,
Lapatinib,Sodium_ferricitropyrophosphate,Nanoparticle,
Lapatinib,SODIUM_THIOMALATE,Nanoparticle,
Lapatinib,EDETATE_DISODIUM_ANHYDROUS,Nanoparticle,
Lapatinib,EDETATE_CALCIUM_DISODIUM_ANHYDROUS,Nanoparticle,
Lapatinib,Sodium_ferric_EDTA,Nanoparticle,
Lapatinib,EDETATE_SODIUM,Nanoparticle,
Lapatinib,PENTETATE_CALCIUM_TRISODIUM,Nanoparticle,
Lapatinib,PENTASODIUM_PENTETATE,Nanoparticle,
Lapatinib,TRISODIUM_HEDTA,Nanoparticle,
Lapatinib,CALCOBUTROL,Nanoparticle,
Lapatinib,SODIUM_THIOGLYCOLATE,Nanoparticle,
Lapatinib,Sodium_sesquicarbonate,Nanoparticle,
Lapatinib,Potassium_bicarbonate,Nanoparticle,
Lapatinib,Sodium_bicarbonate,Nanoparticle,
Lapatinib,L(+)-potassium_acid_tartrate,Nanoparticle,
Lapatinib,Calcium_gluconate,Nanoparticle,
Lapatinib,Manganese_gluconate,Nanoparticle,
Lapatinib,Zinc_gluconate,Nanoparticle,
Lapatinib,Potassium_gluconate,Nanoparticle,
Lapatinib,Sodium_gluconate,Nanoparticle,
Lapatinib,GLUCEPTATE_SODIUM,Nanoparticle,
Lapatinib,Ammonium_bicarbonate,Nanoparticle,
Lapatinib,DIHYDROXYALUMINUM_SODIUM_CARBONATE,Nanoparticle,
Lapatinib,Calcium_carbonate,Nanoparticle,
Lapatinib,Ferrous_carbonate,Nanoparticle,
Lapatinib,Potassium_carbonate,Nanoparticle,
Lapatinib,MAGNESIUM_CARBONATE,Nanoparticle,
Lapatinib,Magnesium_carbonate,Nanoparticle,
Lapatinib,Sodium_carbonate,Nanoparticle,
Lapatinib,Zinc_carbonate,Nanoparticle,
Lapatinib,Iron_naphthenate,Nanoparticle,
Lapatinib,Sodium_Benzoate,Nanoparticle,
Lapatinib,CALCIUM_SALICYLATE,Nanoparticle,
Lapatinib,DISODIUM_SULFOSALICYLATE,Nanoparticle,
Lapatinib,BENZOIN,Nanoparticle,
Lapatinib,CINNAMALDEHYDE,Nanoparticle,
Lapatinib,D&C_BLUE_NO._6,Nanoparticle,
Lapatinib,INDIGOTINE_P,Nanoparticle,
Lapatinib,FD&C_BLUE_NO._2--ALUMINUM_LAKE,Nanoparticle,
Lapatinib,INDIGOTINDISULFONATE_SODIUM,Nanoparticle,
Lapatinib,L-Ascorbic_acid,Nanoparticle,
Lapatinib,Ferrous_ascorbate,Nanoparticle,
Lapatinib,Sodium_erythorbate_(sodium_D-isoascorbate),Nanoparticle,
Lapatinib,AMARANTH,Nanoparticle,
Lapatinib,CAPTAN,Nanoparticle,
Lapatinib,ACID_ORANGE_20,Nanoparticle,
Lapatinib,FD&C_YELLOW_NO._6,Nanoparticle,
Lapatinib,D&C_RED_NO._17,Nanoparticle,
Lapatinib,D&C_RED_NO._36,Nanoparticle,
Lapatinib,PENTADECALACTONE,Nanoparticle,
Lapatinib,SODIUM_PYRROLIDONE_CARBOXYLATE,Nanoparticle,
Lapatinib,SACCHARIN_SODIUM_ANHYDROUS,Nanoparticle,
Lapatinib,SACCHARIN,Nanoparticle,
Lapatinib,GLUCONOLACTONE,Nanoparticle,
Lapatinib,Sodium_L-ascorbate,Nanoparticle,
Lapatinib,D&C_RED_NO._27,Nanoparticle,
Lapatinib,D&C_RED_NO._28,Nanoparticle,
Lapatinib,FLUORESCEIN,Nanoparticle,
Lapatinib,D&C_YELLOW_NO._10,Nanoparticle,
Lapatinib,D&C_YELLOW_NO._11,Nanoparticle,
Lapatinib,Carbon_dioxide,Nanoparticle,
Lapatinib,"GLUCOSE,_LIQUID",Nanoparticle,
Lapatinib,Formic_acid_(packaging),Nanoparticle,
Lapatinib,EPILACTOSE,Nanoparticle,
Lapatinib,POLYGALACTURONIC_ACID,Nanoparticle,
Lapatinib,GLUCURONIC_ACID,Nanoparticle,
Lapatinib,MALTODEXTRIN,Nanoparticle,
Lapatinib,Dextran,Nanoparticle,
Lapatinib,Sodium_formate_(packaging),Nanoparticle,
Lapatinib,BENZALDEHYDE,Nanoparticle,
Lapatinib,Calcium_iodate,Nanoparticle,
Lapatinib,Potassium_iodate,Nanoparticle,
Lapatinib,NIOXIME,Nanoparticle,
Lapatinib,Sodium_metaphosphate,Nanoparticle,
Lapatinib,SODIUM_PHOSPHITE,Nanoparticle,
Lapatinib,Phosphoric_acid,Nanoparticle,
Lapatinib,Ammonium_phosphate_monobasic_(Report_34),Nanoparticle,
Lapatinib,Sodium_phosphate_monobasic,Nanoparticle,
Lapatinib,Sodium_hexametaphosphate,Nanoparticle,
Lapatinib,OXIDRONATE_DISODIUM,Nanoparticle,
Lapatinib,Calcium_phosphate_dibasic,Nanoparticle,
Lapatinib,Potassium_phosphate_dibasic,Nanoparticle,
Lapatinib,Ammonium_phosphate_dibasic_(Report_34),Nanoparticle,
Lapatinib,"SODIUM_PHOSPHATE,_DIBASIC,_ANHYDROUS",Nanoparticle,
Lapatinib,Potassium_glycerophosphate,Nanoparticle,
Lapatinib,Magnesium_glycerophosphate_(packaging),Nanoparticle,
Lapatinib,Manganese_glycerophosphate,Nanoparticle,
Lapatinib,Calcium_glycerophosphate_(packaging),Nanoparticle,
Lapatinib,Calcium_phytate,Nanoparticle,
Lapatinib,Sodium_tetraphosphate,Nanoparticle,
Lapatinib,Potassium_tripolyphosphate,Nanoparticle,
Lapatinib,Sodium_tripolyphosphate,Nanoparticle,
Lapatinib,Ferric_pyrophosphate,Nanoparticle,
Lapatinib,Calcium_pyrophosphate,Nanoparticle,
Lapatinib,Ferric_sodium_pyrophosphate,Nanoparticle,
Lapatinib,Potassium_pyrophosphate,Nanoparticle,
Lapatinib,"Sodium_pyrophosphate,_tetrabasic",Nanoparticle,
Lapatinib,PHOSPHATE_ION,Nanoparticle,
Lapatinib,Calcium_phosphate_tribasic,Nanoparticle,
Lapatinib,"Magnesium_phosphate,_tribasic",Nanoparticle,
Lapatinib,"Sodium_aluminum_phosphate,_basic",Nanoparticle,
Lapatinib,Ferric_phosphate,Nanoparticle,
Lapatinib,Potassium_phosphate_tribasic,Nanoparticle,
Lapatinib,"SODIUM_PHOSPHATE,_TRIBASIC,_ANHYDROUS",Nanoparticle,
Lapatinib,METAPHOSPHORIC_ACID,Nanoparticle,
Lapatinib,Sodium_trimetaphosphate,Nanoparticle,
Lapatinib,Sodium_tetrametaphosphate,Nanoparticle,
Lapatinib,Calcium_hexametaphosphate,Nanoparticle,
Lapatinib,SODIUM_POLYMETAPHOSPHATE,Nanoparticle,
Lapatinib,Calcium_hypophosphite,Nanoparticle,
Lapatinib,Manganous_hypophosphite,Nanoparticle,
Lapatinib,Potassium_hypophosphite,Nanoparticle,
Lapatinib,"SODIUM_1,2-ETHANEDISULFONATE",Nanoparticle,
Lapatinib,CYCLAMIC_ACID,Nanoparticle,
Lapatinib,Sulfuric_Acid,Nanoparticle,
Lapatinib,BENZENESULFONIC_ACID,Nanoparticle,
Lapatinib,HYDROXYETHYLPIPERAZINE_ETHANE_SULFONIC_ACID,Nanoparticle,
Lapatinib,SODIUM_CYCLAMATE,Nanoparticle,
Lapatinib,SODIUM_BISULFATE,Nanoparticle,
Lapatinib,Ferric_sulfate_(packaging),Nanoparticle,
Lapatinib,Aluminum_sulfate,Nanoparticle,
Lapatinib,BARIUM_SULFATE,Nanoparticle,
Lapatinib,CALCIUM_SULFATE_ANHYDROUS,Nanoparticle,
Lapatinib,Copper_(cupric)_sulfate,Nanoparticle,
Lapatinib,Ferrous_sulfate_(packaging),Nanoparticle,
Lapatinib,MAGNESIUM_SULFATE_ANHYDROUS,Nanoparticle,
Lapatinib,Manganous_sulfate,Nanoparticle,
Lapatinib,SODIUM_SULFATE_ANHYDROUS,Nanoparticle,
Lapatinib,FD&C_YELLOW_NO._6-ALUMINUM_LAKE,Nanoparticle,
Lapatinib,SODIUM_2-NAPHTHALENESULFONATE,Nanoparticle,
Lapatinib,METANIL_YELLOW,Nanoparticle,
Lapatinib,SULFUROUS_ACID,Nanoparticle,
Lapatinib,SODIUM_FORMALDEHYDE_SULFOXYLATE,Nanoparticle,
Lapatinib,POTASSIUM_BISULFITE,Nanoparticle,
Lapatinib,Sodium_metabisulfite,Nanoparticle,
Lapatinib,Potassium_metabisulfite,Nanoparticle,
Lapatinib,Sodium_hydrosulfite_(packaging),Nanoparticle,
Lapatinib,Zinc_hydrosulfite_(packaging),Nanoparticle,
Lapatinib,Sodium_bisulfite,Nanoparticle,
Lapatinib,Sulfur_dioxide,Nanoparticle,
Lapatinib,SODIUM_PHOSPHATE_P-32,Nanoparticle,
Lapatinib,Sodium_phosphoaluminate_(packaging),Nanoparticle,
Lapatinib,ALUMINUM_OXIDE,Nanoparticle,
Lapatinib,BISMUTH_SUBCARBONATE,Nanoparticle,
Lapatinib,Calcium_oxide,Nanoparticle,
Lapatinib,Tricalcium_silicate,Nanoparticle,
Lapatinib,Iron_oxides_(packaging),Nanoparticle,
Lapatinib,Magnesium_oxide,Nanoparticle,
Lapatinib,Manganous_oxide,Nanoparticle,
Lapatinib,NITRIC_ACID,Nanoparticle,
Lapatinib,PHENYLMERCURIC_NITRATE,Nanoparticle,
Lapatinib,MAGNESIUM_NITRATE,Nanoparticle,
Lapatinib,SODIUM_NITRATE,Nanoparticle,
Lapatinib,Talc_(basic_magnesium_silicate),Nanoparticle,
Lapatinib,Potassium_silicate,Nanoparticle,
Lapatinib,ALUMINUM_SILICATE_PENTAHYDRATE,Nanoparticle,
Lapatinib,Sodium_aluminosilicate,Nanoparticle,
Lapatinib,Calcium_silicate,Nanoparticle,
Lapatinib,Silicon_dioxides,Nanoparticle,
Lapatinib,TITANIUM_DIOXIDE,Nanoparticle,
Lapatinib,Zinc_oxide,Nanoparticle,
Lapatinib,D&C_BLUE_NO._9,Nanoparticle,
Lapatinib,BORIC_ACID,Nanoparticle,
Lapatinib,Inositol,Nanoparticle,
Lapatinib,Sorbitol,Nanoparticle,
Lapatinib,XYLITOL,Nanoparticle,
Lapatinib,MALTITOL,Nanoparticle,
Lapatinib,ERYTHRITOL,Nanoparticle,
Lapatinib,SORBITAN,Nanoparticle,
Lapatinib,Glycerin_and_Glycerides,Nanoparticle,
Lapatinib,MONOTHIOGLYCEROL,Nanoparticle,
Lapatinib,ISOMALT,Nanoparticle,
Lapatinib,TAGATOSE,Nanoparticle,
Lapatinib,Sorbose_(packaging),Nanoparticle,
Lapatinib,Corn_Sugar_(Dextrose),Nanoparticle,
Lapatinib,MALTOSE_ANHYDROUS,Nanoparticle,
Lapatinib,TREHALOSE,Nanoparticle,
Lapatinib,ALFADEX,Nanoparticle,
Lapatinib,BETADEX,Nanoparticle,
Lapatinib,GAMMA_CYCLODEXTRIN,Nanoparticle,
Lapatinib,"1,2,6-HEXANETRIOL",Nanoparticle,
Lapatinib,TROLAMINE,Nanoparticle,
Lapatinib,DIETHANOLAMINE,Nanoparticle,
Lapatinib,POLYETHYLENE_OXIDE_900000,Nanoparticle,
Lapatinib,PHENOXYETHANOL,Nanoparticle,
Lapatinib,PHENYLETHYL_ALCOHOL,Nanoparticle,
Lapatinib,"DEXTROSE,_UNSPECIFIED_FORM",Nanoparticle,
Lapatinib,Corn_dextrins_(packaging),Nanoparticle,
Lapatinib,ROSIN,Nanoparticle,
Lapatinib,STARCH,Nanoparticle,
Lapatinib,SUCRALOSE,Nanoparticle,
Lapatinib,Sucrose,Nanoparticle,
Lapatinib,DICHLOROBENZYL_ALCOHOL,Nanoparticle,
Lapatinib,BENZYL_ALCOHOL,Nanoparticle,
Lapatinib,Hydrogen_peroxide,Nanoparticle,
Lapatinib,Aluminum_hydroxide,Nanoparticle,
Lapatinib,BETANAPHTHOL,Nanoparticle,
Lapatinib,PHENOL,Nanoparticle,
Lapatinib,ALUMINUM_SILICATE,Nanoparticle,
Lapatinib,Aluminum_calcium_silicate,Nanoparticle,
Lapatinib,MAGNESIUM_ALUMINUM_SILICATE,Nanoparticle,
Lapatinib,Calcium_hydroxide,Nanoparticle,
Lapatinib,CALCIUM,Nanoparticle,
Lapatinib,Ferric_chloride_(packaging),Nanoparticle,
Lapatinib,Magnesium_chloride,Nanoparticle,
Lapatinib,Manganese_chloride,Nanoparticle,
Lapatinib,Stannous_Chloride,Nanoparticle,
Lapatinib,Zinc_chloride,Nanoparticle,
Lapatinib,Hydrochloric_acid,Nanoparticle,
Lapatinib,Potassium_chloride,Nanoparticle,
Lapatinib,Ammonium_chloride,Nanoparticle,
Lapatinib,Sodium_chloride,Nanoparticle,
Lapatinib,Cuprous_iodide,Nanoparticle,
Lapatinib,Copper_(cupric)_gluconate,Nanoparticle,
Lapatinib,STANNOUS_FLUORIDE,Nanoparticle,
Lapatinib,Reduced_iron_(packaging),Nanoparticle,
Lapatinib,Helium_gas,Nanoparticle,
Lapatinib,Potassium_iodide,Nanoparticle,
Lapatinib,SODIUM_IODIDE,Nanoparticle,
Lapatinib,POTASSIUM,Nanoparticle,
Lapatinib,Potassium_hydroxide,Nanoparticle,
Lapatinib,Magnesium_silicate,Nanoparticle,
Lapatinib,Magnesium_hydroxide,Nanoparticle,
Lapatinib,Ammonium_hydroxide,Nanoparticle,
Lapatinib,Sodium_silicate,Nanoparticle,
Lapatinib,SODIUM_HYPOCHLORITE,Nanoparticle,
Lapatinib,Sodium_hydroxide,Nanoparticle,
Lapatinib,Nickel_(elemental),Nanoparticle,
Lapatinib,SILICONE,Nanoparticle,
Lapatinib,ZINC,Nanoparticle,
Docetaxel,POLYBUTENE_(1400_MW),Nanoparticle,
Docetaxel,Sorbic_acid,Nanoparticle,
Docetaxel,Calcium_sorbate,Nanoparticle,
Docetaxel,Potassium_sorbate,Nanoparticle,
Docetaxel,Sodium_sorbate,Nanoparticle,
Docetaxel,ANETHOLE,Nanoparticle,
Docetaxel,PROPENYL_GUAETHOL,Nanoparticle,
Docetaxel,PIPERAZINE,Nanoparticle,
Docetaxel,PIPERAZINE_HEXAHYDRATE,Nanoparticle,
Docetaxel,TYLOXAPOL,Nanoparticle,
Docetaxel,POLOXAMER_407,Nanoparticle,
Docetaxel,HIGH_DENSITY_POLYETHYLENE,Nanoparticle,
Docetaxel,POLYISOBUTYLENE_MEDIUM_MOLECULAR_WEIGHT,Nanoparticle,
Docetaxel,METHACRYLIC_ACID_-_METHYL_METHACRYLATE_COPOLYMER_(1:2),Nanoparticle,
Docetaxel,POLY(METHYL_ACRYLATE-CO-METHYL_METHACRYLATE-CO-METHACRYLIC_ACID_7:3:1;_280000_MW),Nanoparticle,
Docetaxel,METHACRYLIC_ACID_-_ETHYL_ACRYLATE_COPOLYMER_(1:1)_TYPE_A,Nanoparticle,
Docetaxel,DIMETHYLAMINOETHYL_METHACRYLATE_-_BUTYL_METHACRYLATE_-_METHYL_METHACRYLATE_COPOLYMER,Nanoparticle,
Docetaxel,AMMONIO_METHACRYLATE_COPOLYMER_TYPE_B,Nanoparticle,
Docetaxel,METHYL_ACRYLATE_-_METHYL_METHACRYLATE,Nanoparticle,
Docetaxel,ETHYL_ACRYLATE_AND_METHYL_METHACRYLATE_COPOLYMER_(2:1;_750000_MW),Nanoparticle,
Docetaxel,POLYHYDROXYETHYL_METHACRYLATE,Nanoparticle,
Docetaxel,POLACRILIN_POTASSIUM,Nanoparticle,
Docetaxel,"LIMONENE,_(+/-)-",Nanoparticle,
Docetaxel,"CARVONE,_(-)-",Nanoparticle,
Docetaxel,ETHYLENE-PROPYLENE_COPOLYMER,Nanoparticle,
Docetaxel,ETHYLENE-VINYL_ACETATE_COPOLYMERS,Nanoparticle,
Docetaxel,Vitamin_D2_(ergocalciferol),Nanoparticle,
Docetaxel,Vitamin_D3_(cholecalciferol),Nanoparticle,
Docetaxel,POLYPROPYLENE,Nanoparticle,
Docetaxel,ACRYLIC_ACID-ISOOCTYL_ACRYLATE_COPOLYMER,Nanoparticle,
Docetaxel,"Methyl_acrylate,_monomeric_(packaging)",Nanoparticle,
Docetaxel,"Ethyl_acrylate,_polymeric_(packaging)",Nanoparticle,
Docetaxel,ISOOCTYL_ACRYLATE,Nanoparticle,
Docetaxel,SODIUM_POLYACRYLATE_(2500000_MW),Nanoparticle,
Docetaxel,POLYQUATERNIUM-7_(70/30_ACRYLAMIDE/DADMAC;_1600000_MW),Nanoparticle,
Docetaxel,UNDECYLENIC_ACID,Nanoparticle,
Docetaxel,POVIDONE/EICOSENE_COPOLYMER,Nanoparticle,
Docetaxel,EUGENOL,Nanoparticle,
Docetaxel,POLYVINYL_CHLORIDE,Nanoparticle,
Docetaxel,"POVIDONE,_UNSPECIFIED",Nanoparticle,
Docetaxel,COPOVIDONE,Nanoparticle,
Docetaxel,"POLYVINYL_ALCOHOL,_UNSPECIFIED",Nanoparticle,
Docetaxel,POLYVINYL_ACETATE_PHTHALATE,Nanoparticle,
Docetaxel,BUTYL_ESTER_OF_METHYL_VINYL_ETHER/MALEIC_ANHYDRIDE_COPOLYMER_(125000_MW),Nanoparticle,
Docetaxel,PVM/MA_COPOLYMER,Nanoparticle,
Docetaxel,SODIUM_POLYSTYRENE_SULFONATE,Nanoparticle,
Docetaxel,FRAGRANCE_UNGERER_N5195,Nanoparticle,
Docetaxel,METHYLBORONIC_ACID,Nanoparticle,
Docetaxel,ACETONITRILE,Nanoparticle,
Docetaxel,.BETA.-IONONE,Nanoparticle,
Docetaxel,Diacetyl,Nanoparticle,
Docetaxel,DEHYDROACETIC_ACID,Nanoparticle,
Docetaxel,Isopropyl_citrate,Nanoparticle,
Docetaxel,LEVULINIC_ACID,Nanoparticle,
Docetaxel,"N,N-DIMETHYLACETAMIDE",Nanoparticle,
Docetaxel,SULFACETAMIDE_SODIUM,Nanoparticle,
Docetaxel,ACETYLCYSTEINE,Nanoparticle,
Docetaxel,"ACETYLTRYPTOPHAN,_DL-",Nanoparticle,
Docetaxel,HYALURONATE_SODIUM,Nanoparticle,
Docetaxel,DIATRIZOIC_ACID,Nanoparticle,
Docetaxel,ACETAMINOPHEN,Nanoparticle,
Docetaxel,Acetic_acid,Nanoparticle,
Docetaxel,Sodium_diacetate,Nanoparticle,
Docetaxel,HYPROMELLOSE_ACETATE_SUCCINATE_06081224_(3_MM2/S),Nanoparticle,
Docetaxel,LYSINE_ACETATE,Nanoparticle,
Docetaxel,CROSCARMELLOSE,Nanoparticle,
Docetaxel,Sodium_Carboxymethyl_cellulose,Nanoparticle,
Docetaxel,ACETIC_ANHYDRIDE,Nanoparticle,
Docetaxel,Vitamin_A_acetate,Nanoparticle,
Docetaxel,PROPYLENE_GLYCOL_DIACETATE,Nanoparticle,
Docetaxel,TRIACETIN,Nanoparticle,
Docetaxel,BENZYL_ACETATE,Nanoparticle,
Docetaxel,PHENYLMERCURIC_ACETATE,Nanoparticle,
Docetaxel,alpha-Tocopherol_acetate,Nanoparticle,
Docetaxel,".ALPHA.-TOCOPHEROL_ACETATE,_DL-",Nanoparticle,
Docetaxel,ALUMINUM_ACETATE,Nanoparticle,
Docetaxel,ZINC_ACETATE,Nanoparticle,
Docetaxel,Calcium_acetate,Nanoparticle,
Docetaxel,MAGNESIUM_ACETATE,Nanoparticle,
Docetaxel,Zinc_acetate,Nanoparticle,
Docetaxel,SODIUM_ACETATE,Nanoparticle,
Docetaxel,ALUMINUM_MONOACETATE,Nanoparticle,
Docetaxel,POTASSIUM_ACETATE,Nanoparticle,
Docetaxel,AMMONIUM_ACETATE,Nanoparticle,
Docetaxel,Sodium_acetate,Nanoparticle,
Docetaxel,ACETOPHENONE,Nanoparticle,
Docetaxel,OCTOXYNOL-9,Nanoparticle,
Docetaxel,ENTSUFON,Nanoparticle,
Docetaxel,ENTSUFON_SODIUM,Nanoparticle,
Docetaxel,BENZETHONIUM_CHLORIDE,Nanoparticle,
Docetaxel,TERT-BUTYL_ALCOHOL,Nanoparticle,
Docetaxel,TERT-BUTYL_HYDROPEROXIDE,Nanoparticle,
Docetaxel,TERT-BUTYLHYDROQUINONE,Nanoparticle,
Docetaxel,Calcium_pantothenate,Nanoparticle,
Docetaxel,D-Pantothenyl_alcohol,Nanoparticle,
Docetaxel,AMINOMETHYLPROPANOL,Nanoparticle,
Docetaxel,CHLOROBUTANOL,Nanoparticle,
Docetaxel,CHLOROBUTANOL_HEMIHYDRATE,Nanoparticle,
Docetaxel,D-_or_DL-_Sodium_pantothenate,Nanoparticle,
Docetaxel,ACETONE_SODIUM_BISULFITE,Nanoparticle,
Docetaxel,ACETONE,Nanoparticle,
Docetaxel,SODIUM_BISULFATE_ACETONE,Nanoparticle,
Docetaxel,ISOBUTANE,Nanoparticle,
Docetaxel,VALINE,Nanoparticle,
Docetaxel,LEUCINE,Nanoparticle,
Docetaxel,CHOLETH-24,Nanoparticle,
Docetaxel,SQUALANE,Nanoparticle,
Docetaxel,ISOPROPYL_ISOSTEARATE,Nanoparticle,
Docetaxel,GLYCERYL_ISOSTEARATE,Nanoparticle,
Docetaxel,PEG-6_ISOSTEARATE,Nanoparticle,
Docetaxel,ISOSTEARYL_ALCOHOL,Nanoparticle,
Docetaxel,CHOLESTEROL,Nanoparticle,
Docetaxel,SODIUM_CHOLESTERYL_SULFATE,Nanoparticle,
Docetaxel,ISOBUTYL_ALCOHOL,Nanoparticle,
Docetaxel,DIISOPROPYLBENZOTHIAZYL-2-SULFENAMIDE,Nanoparticle,
Docetaxel,ISOPROPYL_ALCOHOL,Nanoparticle,
Docetaxel,DIISOPROPYL_ADIPATE,Nanoparticle,
Docetaxel,LEVOMENTHOL,Nanoparticle,
Docetaxel,TRICHLOROETHANE,Nanoparticle,
Docetaxel,ALANINE,Nanoparticle,
Docetaxel,Lactic_acid,Nanoparticle,
Docetaxel,Calcium_Lactate,Nanoparticle,
Docetaxel,Ferrous_lactate,Nanoparticle,
Docetaxel,L(+)-calcium_lactate,Nanoparticle,
Docetaxel,"SODIUM_LACTATE,_L-",Nanoparticle,
Docetaxel,THREONINE,Nanoparticle,
Docetaxel,HEXYLENE_GLYCOL,Nanoparticle,
Docetaxel,BUTYLENE_GLYCOL,Nanoparticle,
Docetaxel,CALTERIDOL_CALCIUM,Nanoparticle,
Docetaxel,DIISOPROPANOLAMINE,Nanoparticle,
Docetaxel,Propylene_Glycol,Nanoparticle,
Docetaxel,Propylene_glycol_monostearate,Nanoparticle,
Docetaxel,DMDM_HYDANTOIN,Nanoparticle,
Docetaxel,Glycyrrhizin,Nanoparticle,
Docetaxel,Ammoniated_Glycyrrhizin,Nanoparticle,
Docetaxel,EUCALYPTOL,Nanoparticle,
Docetaxel,Carotene_(beta-carotene),Nanoparticle,
Docetaxel,Vitamin_A,Nanoparticle,
Docetaxel,Cyanocobalamin,Nanoparticle,
Docetaxel,ACESULFAME_POTASSIUM,Nanoparticle,
Docetaxel,.ALPHA.-TERPINEOL,Nanoparticle,
Docetaxel,"MENTHOL,_UNSPECIFIED_FORM",Nanoparticle,
Docetaxel,PROPYLENE_CARBONATE,Nanoparticle,
Docetaxel,POLYLACTIDE,Nanoparticle,
Docetaxel,POLYGLACTIN,Nanoparticle,
Docetaxel,PROPANE,Nanoparticle,
Docetaxel,Propionic_acid,Nanoparticle,
Docetaxel,Calcium_propionate,Nanoparticle,
Docetaxel,SODIUM_PROPIONATE,Nanoparticle,
Docetaxel,Sodium_propionate,Nanoparticle,
Docetaxel,METHYL_ETHYL_KETONE,Nanoparticle,
Docetaxel,DINOSEB-AMMONIUM,Nanoparticle,
Docetaxel,"2-ETHYL-1,6-HEXANEDIOL",Nanoparticle,
Docetaxel,DIPROPYLENE_GLYCOL,Nanoparticle,
Docetaxel,BUTANE,Nanoparticle,
Docetaxel,BUTYRIC_ACID,Nanoparticle,
Docetaxel,STANNOUS_2-ETHYLHEXANOATE,Nanoparticle,
Docetaxel,DOCUSATE_SODIUM,Nanoparticle,
Docetaxel,DIETHYLHEXYL_PHTHALATE_**See_CDER_Guidance:_Limiting_the_Use_of_Certain_Phthalates_as_Excipients_in_CDER-Regulated_Products,Nanoparticle,
Docetaxel,OCTISALATE,Nanoparticle,
Docetaxel,Linoleic_acid,Nanoparticle,
Docetaxel,DIISOPROPYL_DILINOLEATE,Nanoparticle,
Docetaxel,Iron_linoleate_(packaging),Nanoparticle,
Docetaxel,HEXANE,Nanoparticle,
Docetaxel,HEPTANE,Nanoparticle,
Docetaxel,PROPYLENE_GLYCOL_RICINOLEATE,Nanoparticle,
Docetaxel,TRIHYDROXYSTEARIN,Nanoparticle,
Docetaxel,Caprylic_Acid,Nanoparticle,
Docetaxel,PROPYLENE_GLYCOL_DICAPRYLATE,Nanoparticle,
Docetaxel,TRICAPRYLIN,Nanoparticle,
Docetaxel,GLYCERYL_MONOCAPRYLATE,Nanoparticle,
Docetaxel,Iron_caprylate_(packaging),Nanoparticle,
Docetaxel,DISODIUM_OLEAMIDO_MONOETHANOLAMINE_SULFOSUCCINATE,Nanoparticle,
Docetaxel,Oleic_acid_(packaging),Nanoparticle,
Docetaxel,ETHYL_OLEATE,Nanoparticle,
Docetaxel,PPG-26_OLEATE,Nanoparticle,
Docetaxel,POLYSORBATE_80,Nanoparticle,
Docetaxel,SORBITAN_SESQUIOLEATE,Nanoparticle,
Docetaxel,GLYCERYL_OLEATE,Nanoparticle,
Docetaxel,GLYCERYL_TRIOLEATE,Nanoparticle,
Docetaxel,SORBITAN_MONOOLEATE,Nanoparticle,
Docetaxel,SORBITAN_TRIOLEATE,Nanoparticle,
Docetaxel,PEG-5_OLEATE,Nanoparticle,
Docetaxel,"1,2-DIOLEOYL-SN-GLYCERO-3-PHOSPHOCHOLINE",Nanoparticle,
Docetaxel,Aluminum_oleate_(packaging),Nanoparticle,
Docetaxel,Sodium_oleate_(packaging),Nanoparticle,
Docetaxel,OLEYL_ALCOHOL,Nanoparticle,
Docetaxel,OLEYL_OLEATE,Nanoparticle,
Docetaxel,POLYOXYETHYLENE_ALCOHOLS,Nanoparticle,
Docetaxel,OCTYLDODECANOL,Nanoparticle,
Docetaxel,LAUROYL_SARCOSINE,Nanoparticle,
Docetaxel,SODIUM_LAUROYL_SARCOSINATE,Nanoparticle,
Docetaxel,LAURIC_DIETHANOLAMIDE,Nanoparticle,
Docetaxel,GLYCERYL_LAURATE,Nanoparticle,
Docetaxel,SUCROSE_LAURATE,Nanoparticle,
Docetaxel,METHYL_LAURATE,Nanoparticle,
Docetaxel,PROPYLENE_GLYCOL_MONOLAURATE,Nanoparticle,
Docetaxel,PEG-12_GLYCERYL_LAURATE,Nanoparticle,
Docetaxel,SORBITAN_MONOLAURATE,Nanoparticle,
Docetaxel,PEG-8_LAURATE,Nanoparticle,
Docetaxel,POLYSORBATE_60,Nanoparticle,
Docetaxel,LAURALKONIUM_CHLORIDE,Nanoparticle,
Docetaxel,LAURYL_SULFATE,Nanoparticle,
Docetaxel,MYRISTIC_ACID,Nanoparticle,
Docetaxel,ISOPROPYL_MYRISTATE,Nanoparticle,
Docetaxel,TRIMYRISTIN,Nanoparticle,
Docetaxel,"1,2-DIMYRISTOYL-SN-GLYCERO-3-PHOSPHOCHOLINE",Nanoparticle,
Docetaxel,PALMITIC_ACID,Nanoparticle,
Docetaxel,GLYCERYL_PALMITOSTEARATE,Nanoparticle,
Docetaxel,SUCROSE_PALMITATE,Nanoparticle,
Docetaxel,ISOPROPYL_PALMITATE,Nanoparticle,
Docetaxel,Vitamin_A_palmitate,Nanoparticle,
Docetaxel,"DIPALMITOYLPHOSPHATIDYLGLYCEROL,_DL-",Nanoparticle,
Docetaxel,Ascorbyl_palmitate_(palmitoyl_L-ascorbic),Nanoparticle,
Docetaxel,SORBITAN_MONOPALMITATE,Nanoparticle,
Docetaxel,POLYOXYL_PALMITATE,Nanoparticle,
Docetaxel,GLYCERYL_PALMITATE,Nanoparticle,
Docetaxel,Aluminum_palmitate_(packaging),Nanoparticle,
Docetaxel,Sodium_palmitate_(packaging),Nanoparticle,
Docetaxel,ETHYLHEXYL_HYDROXYSTEARATE,Nanoparticle,
Docetaxel,STEARIC_DIETHANOLAMIDE,Nanoparticle,
Docetaxel,DIETHYLAMINOETHYL_STEARAMIDE_PHOSPHATE,Nanoparticle,
Docetaxel,STEARAMIDOETHYL_DIETHYLAMINE,Nanoparticle,
Docetaxel,Stearic_acid_(packaging),Nanoparticle,
Docetaxel,SUCROSE_STEARATE,Nanoparticle,
Docetaxel,STEAROYL_POLYOXYLGLYCERIDES,Nanoparticle,
Docetaxel,METHYL_STEARATE,Nanoparticle,
Docetaxel,ISOPROPYL_STEARATE,Nanoparticle,
Docetaxel,GLYCERYL_TRISTEARATE,Nanoparticle,
Docetaxel,"DISTEAROYLPHOSPHATIDYLCHOLINE,_DL-",Nanoparticle,
Docetaxel,GLYCERYL_MONOSTEARATE,Nanoparticle,
Docetaxel,GLYCERYL_DISTEARATE,Nanoparticle,
Docetaxel,SORBITAN_MONOSTEARATE,Nanoparticle,
Docetaxel,SORBITAN_TRISTEARATE,Nanoparticle,
Docetaxel,BUTYL_STEARATE,Nanoparticle,
Docetaxel,POLYOXYL_40_STEARATE,Nanoparticle,
Docetaxel,GLYCOL_DISTEARATE,Nanoparticle,
Docetaxel,PEG-2_STEARATE,Nanoparticle,
Docetaxel,"1,2-DISTEAROYL-SN-GLYCERO-3-PHOSPHOCHOLINE",Nanoparticle,
Docetaxel,SUCROSE_DISTEARATE,Nanoparticle,
Docetaxel,METHYL_GLUCOSE_SESQUISTEARATE,Nanoparticle,
Docetaxel,ALUMINUM_STEARATE,Nanoparticle,
Docetaxel,Calcium_stearate,Nanoparticle,
Docetaxel,Magnesium_stearate,Nanoparticle,
Docetaxel,ZINC_STEARATE,Nanoparticle,
Docetaxel,ALUMINUM_MONOSTEARATE,Nanoparticle,
Docetaxel,SODIUM_STEARATE,Nanoparticle,
Docetaxel,TRIBEHENIN,Nanoparticle,
Docetaxel,GLYCERYL_DIBEHENATE,Nanoparticle,
Docetaxel,HYDROXYOCTACOSANYL_HYDROXYSTEARATE,Nanoparticle,
Docetaxel,DOCOSANOL,Nanoparticle,
Docetaxel,STEARYL_ALCOHOL,Nanoparticle,
Docetaxel,CETOSTEARYL_ALCOHOL,Nanoparticle,
Docetaxel,SODIUM_STEARYL_FUMARATE,Nanoparticle,
Docetaxel,Stearyl_citrate,Nanoparticle,
Docetaxel,PPG-15_STEARYL_ETHER,Nanoparticle,
Docetaxel,STEARETH-40,Nanoparticle,
Docetaxel,SODIUM_CETOSTEARYL_SULFATE,Nanoparticle,
Docetaxel,STEAROXYTRIMETHYLSILANE,Nanoparticle,
Docetaxel,STEARALKONIUM_CHLORIDE,Nanoparticle,
Docetaxel,QUATERNIUM-52,Nanoparticle,
Docetaxel,CETYL_ALCOHOL,Nanoparticle,
Docetaxel,CETYL_PALMITATE,Nanoparticle,
Docetaxel,ISOCETETH-20,Nanoparticle,
Docetaxel,CETRIMONIUM_CHLORIDE,Nanoparticle,
Docetaxel,PALMITAMINE_OXIDE,Nanoparticle,
Docetaxel,CETYLPYRIDINIUM_CHLORIDE,Nanoparticle,
Docetaxel,MYRISTYL_ALCOHOL,Nanoparticle,
Docetaxel,MYRISTYL_LACTATE,Nanoparticle,
Docetaxel,ALKYL_ARYL_SODIUM_SULFONATE,Nanoparticle,
Docetaxel,BENZALKONIUM_CHLORIDE,Nanoparticle,
Docetaxel,MIRIPIRIUM_CHLORIDE,Nanoparticle,
Docetaxel,TRIDECETH-10,Nanoparticle,
Docetaxel,LAURYL_LACTATE,Nanoparticle,
Docetaxel,DISODIUM_LAURYL_SULFOSUCCINATE,Nanoparticle,
Docetaxel,Dilauryl_thiodipropionate,Nanoparticle,
Docetaxel,SODIUM_LAURYL_SULFOACETATE,Nanoparticle,
Docetaxel,LAURETH-4,Nanoparticle,
Docetaxel,LAURETH-2,Nanoparticle,
Docetaxel,DISODIUM_LAURETH_SULFOSUCCINATE,Nanoparticle,
Docetaxel,SODIUM_LAURETH-3_SULFATE,Nanoparticle,
Docetaxel,SODIUM_LAURETH-2_SULFATE,Nanoparticle,
Docetaxel,SODIUM_LAURETH-5_SULFATE,Nanoparticle,
Docetaxel,TRIETHANOLAMINE_LAURYL_SULFATE,Nanoparticle,
Docetaxel,AMMONIUM_LAURYL_SULFATE,Nanoparticle,
Docetaxel,SODIUM_LAURYL_SULFATE,Nanoparticle,
Docetaxel,SODIUM_DODECYLBENZENESULFONATE,Nanoparticle,
Docetaxel,BENZODODECINIUM_BROMIDE,Nanoparticle,
Docetaxel,LAURAMINE_OXIDE,Nanoparticle,
Docetaxel,DECYL_METHYL_SULFOXIDE,Nanoparticle,
Docetaxel,NONOXYNOL-9,Nanoparticle,
Docetaxel,NONOXYNOL_IODINE,Nanoparticle,
Docetaxel,AMMONIUM_NONOXYNOL-4_SULFATE,Nanoparticle,
Docetaxel,GLYCERYL_RICINOLEATE,Nanoparticle,
Docetaxel,HEXYLRESORCINOL,Nanoparticle,
Docetaxel,AMYL_ACETATE,Nanoparticle,
Docetaxel,BUTYL_ALCOHOL,Nanoparticle,
Docetaxel,ACETYLTRIBUTYL_CITRATE,Nanoparticle,
Docetaxel,DIBUTYL_SEBACATE,Nanoparticle,
Docetaxel,BUTYLPARABEN,Nanoparticle,
Docetaxel,DIBUTYL_PHTHALATE_**See_CDER_Guidance:_Limiting_the_Use_of_Certain_Phthalates_as_Excipients_in_CDER-Regulated_Products,Nanoparticle,
Docetaxel,PRAMOXINE_HYDROCHLORIDE,Nanoparticle,
Docetaxel,Propyl_Gallate,Nanoparticle,
Docetaxel,Propyl_Paraben,Nanoparticle,
Docetaxel,PROPYLPARABEN_SODIUM,Nanoparticle,
Docetaxel,TETRAPROPYL_ORTHOSILICATE,Nanoparticle,
Docetaxel,RHODAMINE_B,Nanoparticle,
Docetaxel,SOLVENT_RED_49,Nanoparticle,
Docetaxel,FD&C_VIOLET_NO._1--ALUMINUM_LAKE_(DELISTED),Nanoparticle,
Docetaxel,FD&C_BLUE_NO._1_LAKE,Nanoparticle,
Docetaxel,ACID_BLUE_9_AMMONIUM,Nanoparticle,
Docetaxel,GUINEA_GREEN_B,Nanoparticle,
Docetaxel,POLYURETHANE,Nanoparticle,
Docetaxel,"ALCOHOL,_DILUTED",Nanoparticle,
Docetaxel,PEG-20_METHYL_GLUCOSE_SESQUISTEARATE,Nanoparticle,
Docetaxel,Triethyl_citrate,Nanoparticle,
Docetaxel,DIETHYL_SEBACATE,Nanoparticle,
Docetaxel,DIETHYL_PYROCARBONATE,Nanoparticle,
Docetaxel,ETHYL_VANILLATE,Nanoparticle,
Docetaxel,ETHYLPARABEN,Nanoparticle,
Docetaxel,ETHYLPARABEN_SODIUM,Nanoparticle,
Docetaxel,DIETHYL_PHTHALATE,Nanoparticle,
Docetaxel,ETHYL_ACETATE,Nanoparticle,
Docetaxel,URETHANE,Nanoparticle,
Docetaxel,Ethyl_formate,Nanoparticle,
Docetaxel,ETHYLENE_GLYCOL_MONOETHYL_ETHER,Nanoparticle,
Docetaxel,DIETHYLENE_GLYCOL_MONOETHYL_ETHER,Nanoparticle,
Docetaxel,TETROFOSMIN,Nanoparticle,
Docetaxel,ETHYL_VANILLIN,Nanoparticle,
Docetaxel,ISOLEUCINE,Nanoparticle,
Docetaxel,THIMEROSAL,Nanoparticle,
Docetaxel,DENATONIUM_BENZOATE,Nanoparticle,
Docetaxel,ETHYL_MALTOL,Nanoparticle,
Docetaxel,METHYL_CHLORIDE,Nanoparticle,
Docetaxel,CHLOROTHEN,Nanoparticle,
Docetaxel,TROMANTADINE,Nanoparticle,
Docetaxel,EPITETRACYCLINE_HYDROCHLORIDE,Nanoparticle,
Docetaxel,METHYLENE_BLUE,Nanoparticle,
Docetaxel,CREATINE,Nanoparticle,
Docetaxel,TENOX-2,Nanoparticle,
Docetaxel,CREATININE,Nanoparticle,
Docetaxel,METHYLPYRROLIDONE,Nanoparticle,
Docetaxel,MORPHINE_SULFATE,Nanoparticle,
Docetaxel,SODIUM_COCOYL_SARCOSINATE,Nanoparticle,
Docetaxel,MEGLUMINE,Nanoparticle,
Docetaxel,METHYL_ALCOHOL,Nanoparticle,
Docetaxel,ASPARTAME,Nanoparticle,
Docetaxel,NEOTAME,Nanoparticle,
Docetaxel,Methyl_Paraben,Nanoparticle,
Docetaxel,METHYLPARABEN_SODIUM,Nanoparticle,
Docetaxel,DIMETHYL_PHTHALATE,Nanoparticle,
Docetaxel,METHYL_SALICYLATE,Nanoparticle,
Docetaxel,DIMETHYL_ISOSORBIDE,Nanoparticle,
Docetaxel,VERSETAMIDE,Nanoparticle,
Docetaxel,PEG-7_METHYL_ETHER,Nanoparticle,
Docetaxel,METHYL_GLUCETH-20,Nanoparticle,
Docetaxel,SIMETHICONE,Nanoparticle,
Docetaxel,VANILLIN,Nanoparticle,
Docetaxel,FD&C_RED_NO._40,Nanoparticle,
Docetaxel,NEOHESPERIDIN_DIHYDROCHALONE,Nanoparticle,
Docetaxel,Butylated_Hydroxyanisole_(BHA),Nanoparticle,
Docetaxel,METHANESULFONIC_ACID,Nanoparticle,
Docetaxel,DIMETHYL_SULFOXIDE,Nanoparticle,
Docetaxel,METHIONINE,Nanoparticle,
Docetaxel,Glycocholic_acid,Nanoparticle,
Docetaxel,Taurocholic_acid,Nanoparticle,
Docetaxel,Desoxycholic_acid,Nanoparticle,
Docetaxel,URSODIOL,Nanoparticle,
Docetaxel,Cholic_acid,Nanoparticle,
Docetaxel,SODIUM_DESOXYCHOLATE,Nanoparticle,
Docetaxel,L(+)-lactic_acid,Nanoparticle,
Docetaxel,Choline_Bitartrate,Nanoparticle,
Docetaxel,Choline_Chloride,Nanoparticle,
Docetaxel,POLIDRONIUM_CHLORIDE,Nanoparticle,
Docetaxel,DIMETHICONE_350,Nanoparticle,
Docetaxel,CYCLOMETHICONE_5,Nanoparticle,
Docetaxel,CARMINE,Nanoparticle,
Docetaxel,".ALPHA.-TOCOPHEROL,_DL-",Nanoparticle,
Docetaxel,TOCOPHERSOLAN,Nanoparticle,
Docetaxel,Tocopherols,Nanoparticle,
Docetaxel,ANTIPYRINE,Nanoparticle,
Docetaxel,Butylated_Hydroxytoluene_(BHT),Nanoparticle,
Docetaxel,PONCEAU_3R,Nanoparticle,
Docetaxel,FD&C_RED_NO._4,Nanoparticle,
Docetaxel,D&C_RED_NO._30,Nanoparticle,
Docetaxel,CHLOROXYLENOL,Nanoparticle,
Docetaxel,CHLOROCRESOL,Nanoparticle,
Docetaxel,Riboflavin,Nanoparticle,
Docetaxel,Riboflavin-5'-phosphate,Nanoparticle,
Docetaxel,THYMOL,Nanoparticle,
Docetaxel,D&C_RED_NO._6,Nanoparticle,
Docetaxel,PONCEAU_XYLIDINE,Nanoparticle,
Docetaxel,D&C_RED_NO._6_BARIUM_LAKE,Nanoparticle,
Docetaxel,D&C_RED_NO._7,Nanoparticle,
Docetaxel,D&C_BROWN_NO._1,Nanoparticle,
Docetaxel,D&C_GREEN_NO._6,Nanoparticle,
Docetaxel,D&C_GREEN_NO._5,Nanoparticle,
Docetaxel,CRESOL,Nanoparticle,
Docetaxel,POLYVINYLPYRIDINE,Nanoparticle,
Docetaxel,SODIUM_XYLENESULFONATE,Nanoparticle,
Docetaxel,AQUAPHOR,Nanoparticle,
Docetaxel,METACRESOL,Nanoparticle,
Docetaxel,OIL_ORANGE_SS,Nanoparticle,
Docetaxel,O-TOLYL_BIGUANIDE,Nanoparticle,
Docetaxel,YELLOW_OB,Nanoparticle,
Docetaxel,DYE_YELLOW_NO._62,Nanoparticle,
Docetaxel,Pyridoxine,Nanoparticle,
Docetaxel,Pyridoxine_hydrochloride,Nanoparticle,
Docetaxel,Thiamine_hydrochloride,Nanoparticle,
Docetaxel,Thiamine_mononitrate,Nanoparticle,
Docetaxel,MALTOL,Nanoparticle,
Docetaxel,QUATERNIUM-15,Nanoparticle,
Docetaxel,QUATERNIUM-15_CIS-FORM,Nanoparticle,
Docetaxel,CARBON_TETRACHLORIDE,Nanoparticle,
Docetaxel,TETRACHLOROETHYLENE,Nanoparticle,
Docetaxel,CHLOROFORM,Nanoparticle,
Docetaxel,TRICHLOROETHYLENE,Nanoparticle,
Docetaxel,METHYLENE_CHLORIDE,Nanoparticle,
Docetaxel,BENZYL_CHLORIDE,Nanoparticle,
Docetaxel,Caffeine,Nanoparticle,
Docetaxel,METHYLCHLOROISOTHIAZOLINONE,Nanoparticle,
Docetaxel,METHYLISOTHIAZOLINONE,Nanoparticle,
Docetaxel,APAFLURANE,Nanoparticle,
Docetaxel,TRICHLOROMONOFLUOROMETHANE,Nanoparticle,
Docetaxel,DICHLOROFLUOROMETHANE,Nanoparticle,
Docetaxel,DICHLOROTETRAFLUOROETHANE,Nanoparticle,
Docetaxel,DICHLORODIFLUOROMETHANE,Nanoparticle,
Docetaxel,PERFLUTREN,Nanoparticle,
Docetaxel,NORFLURANE,Nanoparticle,
Docetaxel,"N-(CARBONYL-METHOXYPOLYETHYLENE_GLYCOL_2000)-1,2-DISTEAROYL-SN-GLYCERO-3-PHOSPHOETHANOLAMINE",Nanoparticle,
Docetaxel,NITROGEN,Nanoparticle,
Docetaxel,Ammonium_sulfate,Nanoparticle,
Docetaxel,Ammonium_citrate,Nanoparticle,
Docetaxel,Ferric_ammonium_citrate,Nanoparticle,
Docetaxel,GUANIDINE_HYDROCHLORIDE,Nanoparticle,
Docetaxel,ALLANTOIN,Nanoparticle,
Docetaxel,Ammonium_carbonate,Nanoparticle,
Docetaxel,Niacinamide_(nicotinamide),Nanoparticle,
Docetaxel,ASPARTIC_ACID,Nanoparticle,
Docetaxel,GLUTATHIONE,Nanoparticle,
Docetaxel,L-Glutamic_acid,Nanoparticle,
Docetaxel,L-Glutamic_acid_hydrochloride,Nanoparticle,
Docetaxel,Monosodium_L-glutamate,Nanoparticle,
Docetaxel,Monoammonium_L-glutamate,Nanoparticle,
Docetaxel,TROMETHAMINE,Nanoparticle,
Docetaxel,SERINE,Nanoparticle,
Docetaxel,"CYSTEINE,_DL-",Nanoparticle,
Docetaxel,TRYPTOPHAN,Nanoparticle,
Docetaxel,TYROSINE,Nanoparticle,
Docetaxel,PHENYLALANINE,Nanoparticle,
Docetaxel,HISTIDINE,Nanoparticle,
Docetaxel,ARGININE,Nanoparticle,
Docetaxel,Urea,Nanoparticle,
Docetaxel,GLYCINE,Nanoparticle,
Docetaxel,GLYCINE_HYDROCHLORIDE,Nanoparticle,
Docetaxel,DIHYDROXYALUMINUM_AMINOACETATE,Nanoparticle,
Docetaxel,LYSINE,Nanoparticle,
Docetaxel,LYSINE_MONOHYDRATE,Nanoparticle,
Docetaxel,ETHYLENEDIAMINE,Nanoparticle,
Docetaxel,ETHYLENEDIAMINE_DIHYDROCHLORIDE,Nanoparticle,
Docetaxel,MONOETHANOLAMINE,Nanoparticle,
Docetaxel,GENTISIC_ACID_ETHANOLAMINE,Nanoparticle,
Docetaxel,ETHANOLAMINE_HYDROCHLORIDE,Nanoparticle,
Docetaxel,Sulfamic_acid_(packaging),Nanoparticle,
Docetaxel,MAGNESIUM_ASPARTATE,Nanoparticle,
Docetaxel,Monopotassium_L-glutamate,Nanoparticle,
Docetaxel,MONOSODIUM_GLUTAMATE,Nanoparticle,
Docetaxel,CYSTEINE_HYDROCHLORIDE,Nanoparticle,
Docetaxel,CYSTEINE_HYDROCHLORIDE_ANHYDROUS,Nanoparticle,
Docetaxel,NAPHTHOL_BLUE_BLACK,Nanoparticle,
Docetaxel,AMINOBENZOATE_SODIUM,Nanoparticle,
Docetaxel,1-(PHENYLAZO)-2-NAPHTHYLAMINE,Nanoparticle,
Docetaxel,AIR,Nanoparticle,
Docetaxel,ALUMINUM_SULFATE_TETRADECAHYDRATE,Nanoparticle,
Docetaxel,"SODIUM_PHOSPHATE,_DIBASIC_DODECAHYDRATE",Nanoparticle,
Docetaxel,Aluminum_potassium_sulfate,Nanoparticle,
Docetaxel,Aluminum_ammonium_sulfate,Nanoparticle,
Docetaxel,Aluminum_sodium_sulfate,Nanoparticle,
Docetaxel,SODIUM_BORATE,Nanoparticle,
Docetaxel,SODIUM_CARBONATE_DECAHYDRATE,Nanoparticle,
Docetaxel,Sodium_phosphate_tribasic,Nanoparticle,
Docetaxel,SODIUM_SULFATE,Nanoparticle,
Docetaxel,"SODIUM_PHOSPHATE,_DIBASIC,_HEPTAHYDRATE",Nanoparticle,
Docetaxel,Magnesium_sulfate,Nanoparticle,
Docetaxel,Zinc_sulfate,Nanoparticle,
Docetaxel,Sodium_sulfite,Nanoparticle,
Docetaxel,SODIUM_SUCCINATE_HEXAHYDRATE,Nanoparticle,
Docetaxel,MAGNESIUM_CHLORIDE,Nanoparticle,
Docetaxel,"MAGNESIUM_PHOSPHATE,_TRIBASIC,_PENTAHYDRATE",Nanoparticle,
Docetaxel,CUPRIC_SULFATE,Nanoparticle,
Docetaxel,Sodium_thiosulfate,Nanoparticle,
Docetaxel,CALCIUM_CITRATE,Nanoparticle,
Docetaxel,"Magnesium_phosphate,_dibasic",Nanoparticle,
Docetaxel,TRISODIUM_CITRATE_DIHYDRATE,Nanoparticle,
Docetaxel,EDETATE_DISODIUM,Nanoparticle,
Docetaxel,Ferrous_gluconate,Nanoparticle,
Docetaxel,SACCHARIN_SODIUM,Nanoparticle,
Docetaxel,Calcium_L-ascorbate,Nanoparticle,
Docetaxel,DIBASIC_CALCIUM_PHOSPHATE_DIHYDRATE,Nanoparticle,
Docetaxel,"SODIUM_PHOSPHATE,_DIBASIC_DIHYDRATE",Nanoparticle,
Docetaxel,SODIUM_PHOSPHATE_DIHYDRATE,Nanoparticle,
Docetaxel,CALCIUM_CYCLAMATE,Nanoparticle,
Docetaxel,CALCIUM_SULFATE_DIHYDRATE,Nanoparticle,
Docetaxel,Calcium_chloride,Nanoparticle,
Docetaxel,STANNOUS_CHLORIDE,Nanoparticle,
Docetaxel,CITRIC_ACID_MONOHYDRATE,Nanoparticle,
Docetaxel,POTASSIUM_CITRATE,Nanoparticle,
Docetaxel,SODIUM_CARBONATE_MONOHYDRATE,Nanoparticle,
Docetaxel,FD&C_RED_NO._3,Nanoparticle,
Docetaxel,SACCHARIN_CALCIUM,Nanoparticle,
Docetaxel,DEXTROSE_MONOHYDRATE,Nanoparticle,
Docetaxel,"SODIUM_PHOSPHATE,_MONOBASIC,_MONOHYDRATE",Nanoparticle,
Docetaxel,Sodium_phosphate_dibasic,Nanoparticle,
Docetaxel,Calcium_phosphate_monobasic,Nanoparticle,
Docetaxel,Sodium_hypophosphite,Nanoparticle,
Docetaxel,CALCIUM_SULFATE_HEMIHYDRATE,Nanoparticle,
Docetaxel,ZINC_SULFATE_MONOHYDRATE,Nanoparticle,
Docetaxel,Bentonite,Nanoparticle,
Docetaxel,LACTOSE_MONOHYDRATE,Nanoparticle,
Docetaxel,Ferric_oxide_(packaging),Nanoparticle,
Docetaxel,MAGNESIUM_TRISILICATE,Nanoparticle,
Docetaxel,FRUCTOSE,Nanoparticle,
Docetaxel,GENTISIC_ACID_ETHANOLAMIDE,Nanoparticle,
Docetaxel,IMIDUREA,Nanoparticle,
Docetaxel,DIAZOLIDINYL_UREA,Nanoparticle,
Docetaxel,MALEIC_ACID,Nanoparticle,
Docetaxel,TRIFLUOROACETIC_ACID,Nanoparticle,
Docetaxel,L(+)-tartaric_acid,Nanoparticle,
Docetaxel,SUCCIMER,Nanoparticle,
Docetaxel,PROLINE,Nanoparticle,
Docetaxel,Aconitic_Acid,Nanoparticle,
Docetaxel,Citric_acid,Nanoparticle,
Docetaxel,MAGNESIUM_CITRATE,Nanoparticle,
Docetaxel,Ferrous_citrate,Nanoparticle,
Docetaxel,MONOSODIUM_CITRATE,Nanoparticle,
Docetaxel,GLYCERYL_MONOCITRATE,Nanoparticle,
Docetaxel,Malic_acid,Nanoparticle,
Docetaxel,Succinic_acid,Nanoparticle,
Docetaxel,Adipic_acid,Nanoparticle,
Docetaxel,Biotin,Nanoparticle,
Docetaxel,Thiodipropionic_acid,Nanoparticle,
Docetaxel,EDETIC_ACID,Nanoparticle,
Docetaxel,PENTETIC_ACID,Nanoparticle,
Docetaxel,BROCRINAT,Nanoparticle,
Docetaxel,L-Malic_acid,Nanoparticle,
Docetaxel,LACTOBIONIC_ACID,Nanoparticle,
Docetaxel,GENTISIC_ACID,Nanoparticle,
Docetaxel,Benzoic_Acid,Nanoparticle,
Docetaxel,D&C_RED_NO._39,Nanoparticle,
Docetaxel,Niacin_(nicotinic_acid),Nanoparticle,
Docetaxel,POLYGLYCERYL-3_OLEATE,Nanoparticle,
Docetaxel,Tannic_acid_(hydrolyzable_gallotannins),Nanoparticle,
Docetaxel,BENZYL_BENZOATE,Nanoparticle,
Docetaxel,BENZOYL_PEROXIDE,Nanoparticle,
Docetaxel,Ferrous_fumarate,Nanoparticle,
Docetaxel,SODIUM_BITARTRATE,Nanoparticle,
Docetaxel,MAGNESIUM_TARTRATE,Nanoparticle,
Docetaxel,L(+)-sodium_tartrate,Nanoparticle,
Docetaxel,STANNOUS_TARTRATE,Nanoparticle,
Docetaxel,Magnesium_gluconate,Nanoparticle,
Docetaxel,SODIUM_GLUCONATE,Nanoparticle,
Docetaxel,CALCIUM_GLUCEPTATE,Nanoparticle,
Docetaxel,FD&C_YELLOW_NO._5,Nanoparticle,
Docetaxel,Manganous_citrate,Nanoparticle,
Docetaxel,DISODIUM_HYDROGEN_CITRATE,Nanoparticle,
Docetaxel,Calcium_citrate,Nanoparticle,
Docetaxel,Ferric_citrate,Nanoparticle,
Docetaxel,Potassium_citrate,Nanoparticle,
Docetaxel,Sodium_citrate,Nanoparticle,
Docetaxel,Sodium_ferricitropyrophosphate,Nanoparticle,
Docetaxel,SODIUM_THIOMALATE,Nanoparticle,
Docetaxel,EDETATE_DISODIUM_ANHYDROUS,Nanoparticle,
Docetaxel,EDETATE_CALCIUM_DISODIUM_ANHYDROUS,Nanoparticle,
Docetaxel,Sodium_ferric_EDTA,Nanoparticle,
Docetaxel,EDETATE_SODIUM,Nanoparticle,
Docetaxel,PENTETATE_CALCIUM_TRISODIUM,Nanoparticle,
Docetaxel,PENTASODIUM_PENTETATE,Nanoparticle,
Docetaxel,TRISODIUM_HEDTA,Nanoparticle,
Docetaxel,CALCOBUTROL,Nanoparticle,
Docetaxel,SODIUM_THIOGLYCOLATE,Nanoparticle,
Docetaxel,Sodium_sesquicarbonate,Nanoparticle,
Docetaxel,Potassium_bicarbonate,Nanoparticle,
Docetaxel,Sodium_bicarbonate,Nanoparticle,
Docetaxel,L(+)-potassium_acid_tartrate,Nanoparticle,
Docetaxel,Calcium_gluconate,Nanoparticle,
Docetaxel,Manganese_gluconate,Nanoparticle,
Docetaxel,Zinc_gluconate,Nanoparticle,
Docetaxel,Potassium_gluconate,Nanoparticle,
Docetaxel,Sodium_gluconate,Nanoparticle,
Docetaxel,GLUCEPTATE_SODIUM,Nanoparticle,
Docetaxel,Ammonium_bicarbonate,Nanoparticle,
Docetaxel,DIHYDROXYALUMINUM_SODIUM_CARBONATE,Nanoparticle,
Docetaxel,Calcium_carbonate,Nanoparticle,
Docetaxel,Ferrous_carbonate,Nanoparticle,
Docetaxel,Potassium_carbonate,Nanoparticle,
Docetaxel,MAGNESIUM_CARBONATE,Nanoparticle,
Docetaxel,Magnesium_carbonate,Nanoparticle,
Docetaxel,Sodium_carbonate,Nanoparticle,
Docetaxel,Zinc_carbonate,Nanoparticle,
Docetaxel,Iron_naphthenate,Nanoparticle,
Docetaxel,Sodium_Benzoate,Nanoparticle,
Docetaxel,CALCIUM_SALICYLATE,Nanoparticle,
Docetaxel,DISODIUM_SULFOSALICYLATE,Nanoparticle,
Docetaxel,BENZOIN,Nanoparticle,
Docetaxel,CINNAMALDEHYDE,Nanoparticle,
Docetaxel,D&C_BLUE_NO._6,Nanoparticle,
Docetaxel,INDIGOTINE_P,Nanoparticle,
Docetaxel,FD&C_BLUE_NO._2--ALUMINUM_LAKE,Nanoparticle,
Docetaxel,INDIGOTINDISULFONATE_SODIUM,Nanoparticle,
Docetaxel,L-Ascorbic_acid,Nanoparticle,
Docetaxel,Ferrous_ascorbate,Nanoparticle,
Docetaxel,Sodium_erythorbate_(sodium_D-isoascorbate),Nanoparticle,
Docetaxel,AMARANTH,Nanoparticle,
Docetaxel,CAPTAN,Nanoparticle,
Docetaxel,ACID_ORANGE_20,Nanoparticle,
Docetaxel,FD&C_YELLOW_NO._6,Nanoparticle,
Docetaxel,D&C_RED_NO._17,Nanoparticle,
Docetaxel,D&C_RED_NO._36,Nanoparticle,
Docetaxel,PENTADECALACTONE,Nanoparticle,
Docetaxel,SODIUM_PYRROLIDONE_CARBOXYLATE,Nanoparticle,
Docetaxel,SACCHARIN_SODIUM_ANHYDROUS,Nanoparticle,
Docetaxel,SACCHARIN,Nanoparticle,
Docetaxel,GLUCONOLACTONE,Nanoparticle,
Docetaxel,Sodium_L-ascorbate,Nanoparticle,
Docetaxel,D&C_RED_NO._27,Nanoparticle,
Docetaxel,D&C_RED_NO._28,Nanoparticle,
Docetaxel,FLUORESCEIN,Nanoparticle,
Docetaxel,D&C_YELLOW_NO._10,Nanoparticle,
Docetaxel,D&C_YELLOW_NO._11,Nanoparticle,
Docetaxel,Carbon_dioxide,Nanoparticle,
Docetaxel,"GLUCOSE,_LIQUID",Nanoparticle,
Docetaxel,Formic_acid_(packaging),Nanoparticle,
Docetaxel,EPILACTOSE,Nanoparticle,
Docetaxel,POLYGALACTURONIC_ACID,Nanoparticle,
Docetaxel,GLUCURONIC_ACID,Nanoparticle,
Docetaxel,MALTODEXTRIN,Nanoparticle,
Docetaxel,Dextran,Nanoparticle,
Docetaxel,Sodium_formate_(packaging),Nanoparticle,
Docetaxel,BENZALDEHYDE,Nanoparticle,
Docetaxel,Calcium_iodate,Nanoparticle,
Docetaxel,Potassium_iodate,Nanoparticle,
Docetaxel,NIOXIME,Nanoparticle,
Docetaxel,Sodium_metaphosphate,Nanoparticle,
Docetaxel,SODIUM_PHOSPHITE,Nanoparticle,
Docetaxel,Phosphoric_acid,Nanoparticle,
Docetaxel,Ammonium_phosphate_monobasic_(Report_34),Nanoparticle,
Docetaxel,Sodium_phosphate_monobasic,Nanoparticle,
Docetaxel,Sodium_hexametaphosphate,Nanoparticle,
Docetaxel,OXIDRONATE_DISODIUM,Nanoparticle,
Docetaxel,Calcium_phosphate_dibasic,Nanoparticle,
Docetaxel,Potassium_phosphate_dibasic,Nanoparticle,
Docetaxel,Ammonium_phosphate_dibasic_(Report_34),Nanoparticle,
Docetaxel,"SODIUM_PHOSPHATE,_DIBASIC,_ANHYDROUS",Nanoparticle,
Docetaxel,Potassium_glycerophosphate,Nanoparticle,
Docetaxel,Magnesium_glycerophosphate_(packaging),Nanoparticle,
Docetaxel,Manganese_glycerophosphate,Nanoparticle,
Docetaxel,Calcium_glycerophosphate_(packaging),Nanoparticle,
Docetaxel,Calcium_phytate,Nanoparticle,
Docetaxel,Sodium_tetraphosphate,Nanoparticle,
Docetaxel,Potassium_tripolyphosphate,Nanoparticle,
Docetaxel,Sodium_tripolyphosphate,Nanoparticle,
Docetaxel,Ferric_pyrophosphate,Nanoparticle,
Docetaxel,Calcium_pyrophosphate,Nanoparticle,
Docetaxel,Ferric_sodium_pyrophosphate,Nanoparticle,
Docetaxel,Potassium_pyrophosphate,Nanoparticle,
Docetaxel,"Sodium_pyrophosphate,_tetrabasic",Nanoparticle,
Docetaxel,PHOSPHATE_ION,Nanoparticle,
Docetaxel,Calcium_phosphate_tribasic,Nanoparticle,
Docetaxel,"Magnesium_phosphate,_tribasic",Nanoparticle,
Docetaxel,"Sodium_aluminum_phosphate,_basic",Nanoparticle,
Docetaxel,Ferric_phosphate,Nanoparticle,
Docetaxel,Potassium_phosphate_tribasic,Nanoparticle,
Docetaxel,"SODIUM_PHOSPHATE,_TRIBASIC,_ANHYDROUS",Nanoparticle,
Docetaxel,METAPHOSPHORIC_ACID,Nanoparticle,
Docetaxel,Sodium_trimetaphosphate,Nanoparticle,
Docetaxel,Sodium_tetrametaphosphate,Nanoparticle,
Docetaxel,Calcium_hexametaphosphate,Nanoparticle,
Docetaxel,SODIUM_POLYMETAPHOSPHATE,Nanoparticle,
Docetaxel,Calcium_hypophosphite,Nanoparticle,
Docetaxel,Manganous_hypophosphite,Nanoparticle,
Docetaxel,Potassium_hypophosphite,Nanoparticle,
Docetaxel,"SODIUM_1,2-ETHANEDISULFONATE",Nanoparticle,
Docetaxel,CYCLAMIC_ACID,Nanoparticle,
Docetaxel,Sulfuric_Acid,Nanoparticle,
Docetaxel,BENZENESULFONIC_ACID,Nanoparticle,
Docetaxel,HYDROXYETHYLPIPERAZINE_ETHANE_SULFONIC_ACID,Nanoparticle,
Docetaxel,SODIUM_CYCLAMATE,Nanoparticle,
Docetaxel,SODIUM_BISULFATE,Nanoparticle,
Docetaxel,Ferric_sulfate_(packaging),Nanoparticle,
Docetaxel,Aluminum_sulfate,Nanoparticle,
Docetaxel,BARIUM_SULFATE,Nanoparticle,
Docetaxel,CALCIUM_SULFATE_ANHYDROUS,Nanoparticle,
Docetaxel,Copper_(cupric)_sulfate,Nanoparticle,
Docetaxel,Ferrous_sulfate_(packaging),Nanoparticle,
Docetaxel,MAGNESIUM_SULFATE_ANHYDROUS,Nanoparticle,
Docetaxel,Manganous_sulfate,Nanoparticle,
Docetaxel,SODIUM_SULFATE_ANHYDROUS,Nanoparticle,
Docetaxel,FD&C_YELLOW_NO._6-ALUMINUM_LAKE,Nanoparticle,
Docetaxel,SODIUM_2-NAPHTHALENESULFONATE,Nanoparticle,
Docetaxel,METANIL_YELLOW,Nanoparticle,
Docetaxel,SULFUROUS_ACID,Nanoparticle,
Docetaxel,SODIUM_FORMALDEHYDE_SULFOXYLATE,Nanoparticle,
Docetaxel,POTASSIUM_BISULFITE,Nanoparticle,
Docetaxel,Sodium_metabisulfite,Nanoparticle,
Docetaxel,Potassium_metabisulfite,Nanoparticle,
Docetaxel,Sodium_hydrosulfite_(packaging),Nanoparticle,
Docetaxel,Zinc_hydrosulfite_(packaging),Nanoparticle,
Docetaxel,Sodium_bisulfite,Nanoparticle,
Docetaxel,Sulfur_dioxide,Nanoparticle,
Docetaxel,SODIUM_PHOSPHATE_P-32,Nanoparticle,
Docetaxel,Sodium_phosphoaluminate_(packaging),Nanoparticle,
Docetaxel,ALUMINUM_OXIDE,Nanoparticle,
Docetaxel,BISMUTH_SUBCARBONATE,Nanoparticle,
Docetaxel,Calcium_oxide,Nanoparticle,
Docetaxel,Tricalcium_silicate,Nanoparticle,
Docetaxel,Iron_oxides_(packaging),Nanoparticle,
Docetaxel,Magnesium_oxide,Nanoparticle,
Docetaxel,Manganous_oxide,Nanoparticle,
Docetaxel,NITRIC_ACID,Nanoparticle,
Docetaxel,PHENYLMERCURIC_NITRATE,Nanoparticle,
Docetaxel,MAGNESIUM_NITRATE,Nanoparticle,
Docetaxel,SODIUM_NITRATE,Nanoparticle,
Docetaxel,Talc_(basic_magnesium_silicate),Nanoparticle,
Docetaxel,Potassium_silicate,Nanoparticle,
Docetaxel,ALUMINUM_SILICATE_PENTAHYDRATE,Nanoparticle,
Docetaxel,Sodium_aluminosilicate,Nanoparticle,
Docetaxel,Calcium_silicate,Nanoparticle,
Docetaxel,Silicon_dioxides,Nanoparticle,
Docetaxel,TITANIUM_DIOXIDE,Nanoparticle,
Docetaxel,Zinc_oxide,Nanoparticle,
Docetaxel,D&C_BLUE_NO._9,Nanoparticle,
Docetaxel,BORIC_ACID,Nanoparticle,
Docetaxel,Inositol,Nanoparticle,
Docetaxel,Sorbitol,Nanoparticle,
Docetaxel,XYLITOL,Nanoparticle,
Docetaxel,MALTITOL,Nanoparticle,
Docetaxel,ERYTHRITOL,Nanoparticle,
Docetaxel,SORBITAN,Nanoparticle,
Docetaxel,Glycerin_and_Glycerides,Nanoparticle,
Docetaxel,MONOTHIOGLYCEROL,Nanoparticle,
Docetaxel,ISOMALT,Nanoparticle,
Docetaxel,TAGATOSE,Nanoparticle,
Docetaxel,Sorbose_(packaging),Nanoparticle,
Docetaxel,Corn_Sugar_(Dextrose),Nanoparticle,
Docetaxel,MALTOSE_ANHYDROUS,Nanoparticle,
Docetaxel,TREHALOSE,Nanoparticle,
Docetaxel,ALFADEX,Nanoparticle,
Docetaxel,BETADEX,Nanoparticle,
Docetaxel,GAMMA_CYCLODEXTRIN,Nanoparticle,
Docetaxel,"1,2,6-HEXANETRIOL",Nanoparticle,
Docetaxel,TROLAMINE,Nanoparticle,
Docetaxel,DIETHANOLAMINE,Nanoparticle,
Docetaxel,POLYETHYLENE_OXIDE_900000,Nanoparticle,
Docetaxel,PHENOXYETHANOL,Nanoparticle,
Docetaxel,PHENYLETHYL_ALCOHOL,Nanoparticle,
Docetaxel,"DEXTROSE,_UNSPECIFIED_FORM",Nanoparticle,
Docetaxel,Corn_dextrins_(packaging),Nanoparticle,
Docetaxel,ROSIN,Nanoparticle,
Docetaxel,STARCH,Nanoparticle,
Docetaxel,SUCRALOSE,Nanoparticle,
Docetaxel,Sucrose,Nanoparticle,
Docetaxel,DICHLOROBENZYL_ALCOHOL,Nanoparticle,
Docetaxel,BENZYL_ALCOHOL,Nanoparticle,
Docetaxel,Hydrogen_peroxide,Nanoparticle,
Docetaxel,Aluminum_hydroxide,Nanoparticle,
Docetaxel,BETANAPHTHOL,Nanoparticle,
Docetaxel,PHENOL,Nanoparticle,
Docetaxel,ALUMINUM_SILICATE,Nanoparticle,
Docetaxel,Aluminum_calcium_silicate,Nanoparticle,
Docetaxel,MAGNESIUM_ALUMINUM_SILICATE,Nanoparticle,
Docetaxel,Calcium_hydroxide,Nanoparticle,
Docetaxel,CALCIUM,Nanoparticle,
Docetaxel,Ferric_chloride_(packaging),Nanoparticle,
Docetaxel,Magnesium_chloride,Nanoparticle,
Docetaxel,Manganese_chloride,Nanoparticle,
Docetaxel,Stannous_Chloride,Nanoparticle,
Docetaxel,Zinc_chloride,Nanoparticle,
Docetaxel,Hydrochloric_acid,Nanoparticle,
Docetaxel,Potassium_chloride,Nanoparticle,
Docetaxel,Ammonium_chloride,Nanoparticle,
Docetaxel,Sodium_chloride,Nanoparticle,
Docetaxel,Cuprous_iodide,Nanoparticle,
Docetaxel,Copper_(cupric)_gluconate,Nanoparticle,
Docetaxel,STANNOUS_FLUORIDE,Nanoparticle,
Docetaxel,Reduced_iron_(packaging),Nanoparticle,
Docetaxel,Helium_gas,Nanoparticle,
Docetaxel,Potassium_iodide,Nanoparticle,
Docetaxel,SODIUM_IODIDE,Nanoparticle,
Docetaxel,POTASSIUM,Nanoparticle,
Docetaxel,Potassium_hydroxide,Nanoparticle,
Docetaxel,Magnesium_silicate,Nanoparticle,
Docetaxel,Magnesium_hydroxide,Nanoparticle,
Docetaxel,Ammonium_hydroxide,Nanoparticle,
Docetaxel,Sodium_silicate,Nanoparticle,
Docetaxel,SODIUM_HYPOCHLORITE,Nanoparticle,
Docetaxel,Sodium_hydroxide,Nanoparticle,
Docetaxel,Nickel_(elemental),Nanoparticle,
Docetaxel,SILICONE,Nanoparticle,
Docetaxel,ZINC,Nanoparticle,
